0,1,2,3,4,5,/data/data_public/dtw_data/modelscop_hub/hub/LLM-Research/Llama-3___2-1B_correct,/data/data_public/dtw_data/modelscop_hub/hub/LLM-Research/Llama-3___2-1B_choiceA_probs,/data/data_public/dtw_data/modelscop_hub/hub/LLM-Research/Llama-3___2-1B_choiceB_probs,/data/data_public/dtw_data/modelscop_hub/hub/LLM-Research/Llama-3___2-1B_choiceC_probs,/data/data_public/dtw_data/modelscop_hub/hub/LLM-Research/Llama-3___2-1B_choiceD_probs
The main factor preventing subsistence economies from advancing economically is the lack of,a currency.,a well-connected transportation infrastructure.,government activity.,a banking service.,B,True,0.15561341,0.34524342,0.3143477,0.1847955
The tendency for a population to continue to grow long after replacement fertility has been achieved is called,zero population growth.,rapid growth rate.,homeostatic plateau.,demographic momentum.,D,False,0.2121435,0.3443429,0.30866697,0.13484661
The tendency for migration to decrease with distance is called,push factors.,pull factors.,distance decay.,migration selectivity.,C,False,0.1712429,0.37402886,0.31496388,0.13976437
"Which zone contains low-income slums, ethnic ghettos, and general deterioration in Burgess's concentric zone model of urban form?",First,Second,Third,Fourth,A,False,0.1596643,0.27159816,0.332769,0.23596857
Which of the following statements is TRUE concerning women in the labor force?,Most women work in agriculture,The percentage of women economically active in the labor force declined worldwide,The percentage of women in the total labor force declined,Women spend more hours per day working than men in all regions except Anglo America and Australia,D,False,0.14419238,0.28676078,0.31990477,0.2491421
All the following factors can be considered pull factors of migration EXCEPT,safety.,better climate.,better schools.,overcrowding.,D,True,0.1530451,0.28149304,0.2563023,0.3091596
Which of the following countries does NOT have a well-known example of a relict boundary?,Vietnam,United Kingdom,Germany,Bolivia,D,False,0.16202348,0.30746654,0.27561122,0.2548987
Which form of migration below are farm workers from another country most likely to be practicing during the year?,Chain migration,Cluster migration,Circular migration,International migration,C,True,0.14822482,0.2642393,0.37850535,0.20903051
Which of the following is a centrifugal force in a country?,Religious differences,A national holiday,An attack by another country,A charismatic national leader,A,False,0.1794801,0.2868084,0.351405,0.18230651
Early settlements and high population density along coastlines and rivers are best attributed to which of the following?,Mediterranean climate,Limited forest cover,Growth of manufacturing,Access to trade routes,D,False,0.2137324,0.27443784,0.301411,0.21041879
The first stage of the demographic transition exhibits,high birth rates with high but fluctuating death rates.,declining birth rates with continuing high death rates.,low birth rates with continuing high death rates.,high birth rates with declining death rates.,A,False,0.16458705,0.38267633,0.30748907,0.14524755
What is the population statistic that tells us the level of fertility at which a population will have just enough births to replace parents and compensate for early deaths?,Crude birth rate,Replacement level,Mortality rate,Total fertility rate,B,True,0.23835404,0.3309218,0.31087226,0.11985193
What is the most rapidly growing religion in the United States today?,Islam,Christianity,Hinduism,Buddhism,A,False,0.21520108,0.3548066,0.30348217,0.12651019
The outlying area serviced by a urban center is referred to as a,redline area.,threshold.,range.,hinterland.,D,False,0.17306773,0.31832027,0.2898339,0.21877812
The best definition of an urban area is,the central city and its developed areas.,the central city and its surrounding suburbs.,the central city and its hinterlands.,the central city and the adjacent counties.,B,False,0.15157935,0.32594684,0.36361998,0.15885381
Which of the following religions developed first?,Buddhism,Christianity,Islam,Hinduism,D,False,0.20579548,0.35558268,0.3138006,0.12482127
Which one of the following is NOT a characteristic of world cities?,World cities contain the headquarters of many transnational corporations.,World cities are well connected to secondary-level world cities.,World cities contain many offices of multinational organizations.,World cities are found only in the northern and western hemispheres.,D,True,0.11780375,0.23428074,0.24939057,0.39852497
Which type of transportation system created the star-shaped city pattern?,Highways to airports that link cities,Interstate highways that link cities,Beltways around cities,Streetcar and trolley lines extending from the CBD,D,False,0.17177428,0.2660492,0.34161395,0.22056255
In which urban US setting below would you expect to find planned communities?,Ghettos,Suburbs,CBDs,Transition zones,B,False,0.09900562,0.3621475,0.385504,0.1533429
The latitude and longitude coordinates of a place are an example of,a formal region.,a functional region.,an absolute location.,a relative location.,C,True,0.18281762,0.33103997,0.3523902,0.13375224
The voluntary association of three or more countries willing to give up some measure of sovereignty is called,nationalism.,devolution.,supranationalism.,complementarity.,C,False,0.1458426,0.4026843,0.32866135,0.12281178
The key factor Thomas Malthus failed to recognize in his population theory was,population is limited by their means of subsistence.,all populations have the potential to increase more than the actual rate of increase.,wars and famine inhibit population's reproductive capacity.,technology's ability to raise the Earth's carrying capacity.,D,False,0.18079524,0.35955426,0.3273779,0.13227263
Which pair of religions are both universalizing religions?,Islam and Judaism,Judaism and Buddhism,Hinduism and Buddhism,Christianity and Buddhism,D,False,0.17380111,0.3978347,0.34028605,0.08807811
Which urban model theorizes that high-rent residential areas grow outward from the center of the city along major highways with lower-rent inhabitants taking over sequentially?,Concentric zone model,Central place model,Urban realms model,Sector model,D,False,0.23892047,0.37004724,0.32150263,0.06952982
"When a country combines its religion with its government, it is called a",dictatorship.,theocracy.,democracy.,autocracy.,B,True,0.16244204,0.46275428,0.28509465,0.08970901
What is the chief religion practiced in Europe?,Christianity,Islam,Hinduism,Animism,A,False,0.2739123,0.357249,0.29157814,0.07726052
Which group enacted the first effective settlement in the eastern United States?,French,"British (English, Scotch-Irish, Welsh, Scottish)",Russian,Chinese,B,True,0.20440505,0.3818789,0.2837883,0.12992775
"A population pyramid, or age-sex structure, displays all the following information about a country's population EXCEPT",future social spending needs of the population.,"the impact of ""baby booms"" on the population.",the impact of wars on the population.,a quick visual depiction of the country's demographics.,B,True,0.15050872,0.29932234,0.29011315,0.26005575
The Rhine River is an example of which type of boundary?,Geometric,Artificial,Natural,Relict,C,True,0.18917851,0.32180345,0.3589977,0.13002035
Which type of economic activity is most closely tied to the physical environment?,Primary,Secondary,Tertiary,Quaternary,A,False,0.20359081,0.28265783,0.38634744,0.12740386
The majority of workers in periphery countries are probably employed in which type of activities?,Primary,Secondary,Tertiary,Quaternary,A,False,0.1612625,0.3108416,0.36913353,0.15876237
All of the following are non-basic jobs in the city EXCEPT,city firefighter.,social worker.,dry cleaner.,garment factory worker.,D,True,0.13873059,0.2983176,0.25516456,0.30778724
Transnational corporations distribute their operations,manufacturing goods where production costs are the highest.,conducting accounting and research services where economical.,based on comparative advantage.,with headquarters located in LDCs.,C,True,0.12796465,0.27950048,0.388048,0.20448694
Which of the following is LEAST associated with the development of alluvial landscapes?,A deep cover of loose materials,A predominance of gentle slopes,Frequent flooding,Deep dissection and erosion,D,True,0.13432133,0.2249459,0.2756095,0.36512324
Which of the following is LEAST self-sufficient in the natural resources needed for modern industry?,United States,Japan,France,United Kingdom,B,False,0.16619717,0.24181546,0.26146483,0.33052254
One of the effects of the east–west orientation of the Alpine mountain system and the northern plains of western and central Europe is that it,limits the marine climate of Europe to coastal areas,provides a corridor for communication between southern and northern Europe,enables marine-like climatic conditions to extend eastward into Germany and Poland,effectively prevents population movement between parts of the Mediterranean region,C,True,0.14680469,0.28742963,0.35216615,0.21359956
The largest Hindu temple complex ever constructed is found in,Calcutta.,Bombay.,Cambodia.,Bali.,C,False,0.17751841,0.33164805,0.3214443,0.16938925
Which term describes the forces that unify and strengthen a country?,Diffusion,Centrifugal,Centripetal,Ethnocentric,C,True,0.1897722,0.27611694,0.42765826,0.106452554
Which one of the following statements best describes an application of the S-curve?,Graph of the Bantu migration,Graph of the growth of human populations since their first appearance on Earth,The chart showing how cities associate with one another based on their population sizes,A model showing the decrease in population growth for several countries after they industrialize,D,False,0.13533024,0.29100576,0.3736588,0.20000516
Which of the following items is NOT a challenge to the state?,Transnational corporations,EU,World Trade Organization,Good transportation network,D,True,0.13204423,0.27093714,0.2545219,0.34249666
"National sports teams, flags, national anthems, and national holidays all promote",nationalism.,sectarianism.,political unrest.,functional disputes.,A,False,0.24000718,0.3775843,0.26359633,0.118812166
"The process whereby immigrants learn the values, language, and customs of their new country is called",assimilation.,acculturation.,adaptation.,amalgamation.,B,True,0.21786723,0.49870303,0.23557062,0.047859076
"On which of the following can one most accurately depict true geographical distance, true direction, true size, and true shape?",A Mercator projection,A globe,A conic projection,A gnomonic projection,B,False,0.19830091,0.27531356,0.31197113,0.21441442
Which of the following could be considered a higher-order central place function?,Winn-Dixie grocery store,Mercedes-Benz dealership,Shoe store,Family doctor,B,False,0.16849174,0.26924902,0.38568142,0.17657782
Which geographer viewed the US urban community of the 1920s as a set of concentric rings radiating outward from a central core?,Rostow,Ravenstein,Von Thünen,Burgess,D,False,0.1986757,0.40133595,0.33795875,0.06202958
"To get to school in the morning, we ALL use this as our guide:",Rand-McNally Road Atlas.,world globe.,road map.,mental map.,D,False,0.1647755,0.2983699,0.3380974,0.1987572
"Of these, the map using the smallest map scale would be the map of",the world.,"Atlanta, Georgia.","Main Street, Small Town, Ohio.",Pennsylvania.,A,False,0.1839901,0.29401532,0.34915185,0.1728427
An earlier boundary formed before meticulous geographic knowledge and mapping was available is known as,an antecedent boundary.,a geometric boundary.,a relict boundary.,a subsequent boundary.,A,False,0.19895896,0.38954276,0.3130064,0.09849183
Which of the following jobs is in the non-basic employment sector?,Software engineer,F-10 pickup truck assembly-line worker,Oil refinery worker,Parking lot attendant,D,False,0.1350611,0.2771274,0.4569058,0.13090572
In which of the following regions is subsistence agriculture being replaced by large-scale commercial development?,The Swiss Alps,The Amazon Basin,North Africa,The Alaskan tundra,B,True,0.15743765,0.34929067,0.32304105,0.17023067
A strong movement away from all religions is called,secularism.,heathenism.,sacrilege.,nationalism.,A,False,0.2040709,0.39955145,0.29692143,0.09945622
Regions share all of these characteristics EXCEPT,boundaries.,common features.,relative location.,easily defined.,D,False,0.14139266,0.30883,0.28562105,0.26415628
Which of the following U.S. main immigration flow associations is NOT correct?,"Pioneer settlement to 1870—Germans, British, Scotch-Irish, Africans",1870–1914—Asians,1870–1914—Eastern and southern Europeans,1965–present—Hispanics,B,False,0.122672774,0.25567204,0.3132559,0.30839932
Which one of the statements below is characteristic of most African cities?,"They have thriving, clean residential areas.",There are jobs for most rural-to-urban migrants.,They have three separate business districts.,They have a well-developed infrastructure.,C,False,0.14651231,0.315051,0.30062374,0.23781297
Which country faces a serious trade disadvantage due to its location?,Singapore,Italy,Spain,Mongolia,D,False,0.25574604,0.28530532,0.25977346,0.19917521
"In which zone of Burgess's concentric zone model would one find better houses, single-family homes, and higher-rent apartments?",First,Second,Third,Fourth,C,True,0.15987028,0.27623108,0.3384454,0.22545323
The theory that every society develops economically according to a five-stage pattern of growth is attributed to,Rostow.,Ravenstein.,von Thünen.,Burgess.,A,False,0.20724507,0.4456469,0.2877313,0.059376705
Which of the following would NOT be considered a barrier to diffusion of a cultural trait?,Language,Religion,Oceans,Tolerant complaisant citizens,D,True,0.12905397,0.24875802,0.24875802,0.37343
The process of invasion and succession is a process involving migration and is best described as when,new residents tear down and rebuild housing units.,new residents live peacefully with old residents.,new residents assimilate with old residents completely.,new residents move into areas occupied by older resident groups.,D,False,0.13067147,0.28541273,0.40249646,0.18141937
Which of the following best illustrates the definition of a functional region?,A map showing Atlanta as a hub for Delta Airlines,An article describing the region referred to as the South,A map showing North Carolina's one hundred counties,An essay explaining the region known as the Bible Belt,A,False,0.1584466,0.26123428,0.3921591,0.18815999
New stores opening around a large shopping mall reflect which concept?,Gravity concept,Distance decay,Complementarity,Movement bias,D,False,0.1637751,0.31568477,0.36907288,0.1514672
The birth of an urban industrial workforce in Europe contributed to the start of the,First Agricultural Revolution.,Second Agricultural Revolution.,Third Agricultural Revolution.,Fourth Agricultural Revolution.,B,False,0.13436778,0.3274075,0.37100133,0.16722341
Which of the following statements about East Asia's industrial regions is true?,Japan has a rich natural resource base.,China lacks natural resources but has a massive labor force.,China is industrializing rapidly.,Taiwan lacks industrial enterprise and an educated workforce.,C,True,0.15729758,0.30319905,0.32783633,0.21166705
Which of the following statements best describes the United Nations?,The UN operates a worldwide police force.,Member states surrender sovereignty to the UN.,World laws are enforced by the UN.,The UN often practices interventionism in world conflicts.,D,False,0.14577813,0.3442819,0.3285161,0.18142383
Which of the following is a formal region?,Dixie,Pennsylvania,The market area of Winn-Dixie,The Pacific Northwest,B,False,0.14431341,0.26131782,0.43084025,0.16352852
The concentration of production activities and people spatially to benefit everyone is called,the substitution principle.,deglomeration.,agglomeration.,infrastructure.,C,True,0.20121926,0.2973828,0.35871214,0.14268583
"Which language family contains Italian, Spanish, Portuguese, and Romanian?",European,Slavic,Germanic,Romance,D,False,0.19364725,0.3242981,0.24479306,0.23726158
"Ankara, Turkey and Islamabad, Pakistan are both examples of",desert cities.,forward-thrust capitals.,old colonial capitals.,rival cities.,B,True,0.19388084,0.34027144,0.2865373,0.17931046
Which of the following is NOT an example of syncretism?,Halloween,Foreign cuisine changed to suit American tastes,Hasidic Judaism,Catholicism in Louisiana,C,False,0.13649666,0.2510558,0.24716353,0.36528403
The theory that whoever controlled the landmass of Europe would rule the world is called the,devolution theory.,domino theory.,heartland theory.,rimland theory.,C,False,0.1850525,0.36802083,0.31974205,0.1271846
Which group represents the Persian (Iranian) variation of Islam and believes in the infallibility and divine right to authority of the Imams descended from Ali?,Sunni,Shiite,Imam,Untouchables,B,True,0.16647655,0.46689504,0.29217547,0.07445292
The multiplier effect is,the addition of non-basic workers to an urban economy that has added more basic workers.,a ratio of urban to rural workers in an economy.,the ratio of city workers to farm workers in an economy.,the addition of rural jobs created by the urban economy.,A,False,0.16626026,0.35197297,0.31550652,0.16626026
The sacred book of the Hindu is called the,Talmud.,Bible.,Torah.,Veda.,D,False,0.17776532,0.35352856,0.34265164,0.12605448
Which of the following is a distinct characteristic of an East European city?,A central park,Prominent religious buildings,A large central square surrounded by government and administrative buildings,Luxury apartment buildings,C,True,0.12879568,0.23689152,0.48606986,0.14824294
Which of the following countries is actively trying to preserve the purity of their native language from contamination by English or other languages?,Italy,Russia,Japan,Brazil,C,True,0.19912384,0.2852317,0.36056668,0.1550778
Which of the following is an example of a bulk-gaining industry?,Steel,Bottled orange juice,Paper,Copper,B,True,0.1774709,0.33678055,0.33155924,0.15418936
Which of the following is NOT a feature of an export processing zone (EPZ)?,Tariff reductions on exports,Raw materials imported duty-free,Exemption from customs duties,Strict pollution regulations,D,True,0.12155583,0.30085355,0.2573337,0.32025695
Which of the following characteristics is NOT true of a state?,Independent territory,Internationally recognized,Boundaries,A national language,D,True,0.124696314,0.2639821,0.2723618,0.33895972
"You are planning to move from your hometown to Pittsburgh. Along the way, you stop in Columbus, Ohio to visit a relative and fall in love with the city! You decide to stay and make Columbus your new home. This is an example of",intervening opportunity.,distance decay.,involuntary migration.,push-pull factors.,A,False,0.18255737,0.30572605,0.32039815,0.19131847
A large node of office and commercial land use outside the central city with more jobs than residents is a(n),suburb.,primate city.,town.,edge city.,D,False,0.16131641,0.3468848,0.30612475,0.18567406
Which crop began the Third Agricultural Revolution?,Rice,Wheat,Barley,Millet,A,False,0.23970021,0.34876174,0.2983117,0.113226354
Which factor in the last quarter century greatly destabilized Eastern Europe and led to ethnic conflict?,The introduction of new languages,The end of the Cold War,The invasion by the Soviets,The acceptance of many Eastern European countries into the EU,B,False,0.12536575,0.3461459,0.35713375,0.17135464
"If I wanted to ship a small piece of very valuable jewelry to my aunt who lives in Poughkeepsie, which mode of transportation makes the most sense?",Truck,Air,Ship,Railroad,B,False,0.17462371,0.2580771,0.38141325,0.18588597
Which of the following is a functional region?,Dixie,Pennsylvania,The market area of Winn-Dixie,The Pacific Northwest,C,True,0.14414914,0.25697362,0.43034983,0.16852741
Which type of city model contains a distinct residential spine proceeding outward from center city along the main boulevard?,European,Muslim,Sub-Saharan African,Latin American,D,False,0.19187675,0.3114467,0.35847294,0.13820364
What family do most European languages belong to?,Ural-Altaic,Basque,Indo-European,Phoenician,C,True,0.18173279,0.2771094,0.42919546,0.11196233
"What do the terms apartheid, ethnic cleansing, and integration all have in common?",They all occurred in Nazi Germany during World War I.,They are all forms of residential segregation.,They are all ways to integrate different ethnic populations in neighborhoods.,They are different expressions for the same concept.,B,False,0.13611959,0.27496913,0.3265339,0.26237738
Which one of the statements below correctly describes immigrants living in Europe?,Most find citizenship easy to get in host countries.,Muslims immigrants from North Africa are well integrated in France.,Immigrants to European cities rarely bring their families.,They are usually restricted to certain neighborhoods.,D,False,0.14017642,0.29675347,0.320867,0.24220312
Which of the following activities are NOT secondary economic activities?,Assembling automotive parts,Sewing shirts,Mining copper,Binding books,C,False,0.13108627,0.27320728,0.2449014,0.35080507
Johnny and Susie are moving to Scotland to renovate and live in the family castle. What makes their move a migration?,They are crossing another country's borders.,They are not taking anything with them.,They are moving permanently.,They will be gone more than one year.,C,True,0.13686767,0.24783534,0.42822105,0.18707593
Which of the following entities is a state?,Antarctica,American Samoa,Egypt,Marshall Islands,C,True,0.17326729,0.30888233,0.34458315,0.17326729
What is the most abundant fossil fuel?,Phosphate,Oil,Petroleum,Coal,D,False,0.24438755,0.33403817,0.29478765,0.12678659
A rejection of or indifference to religion in a country is called,polytheism.,animism.,secularism.,monotheism.,C,True,0.16601615,0.33016253,0.3683229,0.13549843
"In a postindustrial economy, which of the following resources is considered most important to increase productivity?",Energy,Labor,Information,Specialization,C,True,0.19460812,0.24600773,0.43175697,0.12762712
A city that is more than twice as large as the next largest city in a country is called a,global city.,world leader city.,megalopolis.,primate city.,D,False,0.18218859,0.31479365,0.3738267,0.12919106
Every country with a seacoast has an exclusive economic zone (EEZ) under the UN Convention on the Law of the Sea. Which one of the following statements regarding the Law of the Sea and the EEZ is NOT correct?,The EEZ extends up to 200 nautical miles (370 km) from the coastline.,Countries have the right to exploit natural resources in their EEZ.,Countries can exploit resources on the continental shelf extending up to 350 nautical miles (560 km) beyond their EEZ.,A country does not have the right to exploit living resources in its EEZ.,D,False,0.12704855,0.28630832,0.30477363,0.28186953
Which of the following is MOST likely to experience population pressure?,An industrial society with abundant natural resources and large imports of food,A society with a highly mechanized agricultural sector,A non-ecumene,A slash-and-burn agricultural society,D,False,0.17117414,0.2610094,0.31483743,0.25297898
"Part of the boundary between the United States and Mexico is the Rio Grande, an example of",a water divider.,a watercourse.,an artificial boundary.,a natural boundary.,D,False,0.2218817,0.3833772,0.28490174,0.10983941
"When we talk about diffusion of a cultural trait, what do we mean by ""hearth""?",Destination,Origin point,All locations along the diffusion path,Axis point,B,False,0.13755274,0.26931518,0.4876668,0.10546534
The distance north and south of the equator is the,global grid system.,Prime Meridian,latitude.,longitude.,C,False,0.21539107,0.3233403,0.30853346,0.15273514
Why are perceptual or vernacular regions so difficult to identify?,Boundaries are constantly being redrawn.,"Physical features, such as rivers, are constantly shifting.",Defining criteria are subjective and differ among researchers.,Antecedent boundaries were drawn before humans were located in the regions.,C,True,0.1342546,0.24310368,0.34283113,0.27981064
Which structure(s) traditionally occupies the center of a historic Asian city?,A central market,High-density housing,A religious building,Government office buildings,C,True,0.20942296,0.3143811,0.36754873,0.1086472
Which description best describes the urban hierarchy model in which the population of a city is inversely proportional to its rank in the hierarchy?,Multiplier effect,Rank-size rule,Central place theory,Burgess's sector model,B,True,0.18179366,0.44994363,0.30444708,0.06381558
Which of the following is a major concern in countries with a large and rapidly aging population?,Immunization,Adequate schools,Daycare facilities,Health care,D,False,0.18936658,0.29791546,0.33758244,0.17513546
Which of the following capital cities is located OUTSIDE the central core area of the country?,"Abuja, Nigeria","Paris, France","London, United Kingdom","Cairo, Egypt",A,False,0.15530342,0.28121817,0.33395484,0.22952358
"Spanish colonial architecture, uneven economic development, and rural-to-urban migration flows are most commonly found in which of the following?",Southeast Asia,Sub-Saharan Africa,North America,Latin America,D,False,0.18023719,0.30659378,0.32130754,0.1918615
The purpose for the creation of NATO was to,defend North America and Western Europe against the threat of communism.,form an economic alliance for trade between Europe and North America.,defend Europe against a second Nazi invasion.,defend northern Europe against Chinese missiles.,A,False,0.18593036,0.3998131,0.3162782,0.097978406
Which of the following is NOT a key milestone reached by the EU?,The introduction of a common currency used by many EU countries,A customs union,A single market,A common European language,D,True,0.13347642,0.26962978,0.26133412,0.33555967
The use and spread of English in nineteenth-century India is an example of what type of diffusion?,Stimulus,Contagious,Hierarchal,Relocation,C,False,0.18198556,0.42979243,0.2908121,0.09740985
The theory that most migration occurs over a short distance and in steps is attributed to,Rostow.,Ravenstein.,von Thünen.,Burgess.,B,True,0.18539684,0.45886156,0.29167014,0.06407143
"The way of life based on breeding and herding of animals that are used as a source of food, shelter, and clothing is called",swidden.,subsistence farming.,pastorialism.,hunting and gathering.,C,False,0.22738048,0.35217378,0.35217378,0.068272
The European Union (EU) replaced which of the following organizations?,NATO,EEC,UN,ASEAN,B,True,0.19469829,0.42195076,0.24420637,0.13914458
"The attempt by core countries to stimulate increased agricultural production in the periphery through use of technology, hybrid seed, and fertilizers is called the",First Agricultural Revolution.,Second Agricultural Revolution.,Third Agricultural Revolution.,Green Revolution.,D,False,0.16746455,0.38333017,0.32279634,0.12640887
Shifting cultivation is most often practiced in,alpine tundra.,tropical forests.,flood plains.,deserts.,B,True,0.15747645,0.31811118,0.2988378,0.22557461
The migration streams into the United States between 1980 and the present have been primarily composed of emigrants from which of the following regions?,Europe and North Africa,Asia and Latin America,Sub-Saharan Africa and Oceania,Central Europe and Australia,B,False,0.18971841,0.33296618,0.34894556,0.1283699
Which one of the following North American associations is NOT correct?,Southeast—African Americans,Oklahoma and the Southwest—Native Americans,Quebec and northern Maine—French Americans and French Canadians,Southern prairie provinces—African Americans,D,True,0.13244887,0.24361075,0.28039426,0.3435462
Which of the following countries is NOT a federal state?,Canada,United States,France,People's Republic of China,C,False,0.15110016,0.27360705,0.24525976,0.3300331
Which of the following world regions is NOT considered one of the world's most densely populated regions?,South Asia,Europe,South America,Northeast United States,C,False,0.15957983,0.2757292,0.2757292,0.28896174
"Olives, grapes, and chickpeas are staple crops of which type of farming?",Pastoral nomadism,Subsistence,Plantation,Mediterranean,D,False,0.15650131,0.27041003,0.38133925,0.19174942
A person who practices the Hindu religion would be most likely to,visit a shrine built on the shore of a lake.,pray five times a day.,bathe in the Ganges River.,make a pilgrimage to Jerusalem.,C,True,0.13813746,0.30171993,0.393517,0.16662557
"The language with the largest number of ""speakers"" is",English.,Russian.,Spanish.,Mandarin Chinese.,D,False,0.17636792,0.32439026,0.31440982,0.184832
Which one of the following statements does NOT correctly describe the Green Revolution?,It changed centuries-old methods of farming.,It was an attempt to feed a growing world population.,"It centered on increased rice, wheat, and maize yields.",It greatly improved crop yields in sub-Saharan Africa.,D,True,0.10466862,0.26313686,0.2889993,0.34319517
"Historically, the world's major languages have spread by all of the following methods EXCEPT",Sanskrit records.,migration.,trade.,conquest.,A,False,0.15456767,0.32721978,0.2933179,0.22489466
A primate city is,a large city located on the periphery of the country.,the most important city in a country.,when the largest city in a country is more than twice the size of the next largest city.,the largest city in a country.,C,True,0.14369982,0.29028162,0.3785986,0.18741989
"Which of the following factors would be considered a ""pull"" factor for Riva when considering a move from India to the United States?",Abject poverty,Better job and higher wages,India's caste system,Violence in her neighborhood,B,False,0.18611093,0.30208784,0.38187483,0.12992637
All of the following are reasons major cities attract young people in Latin America EXCEPT,the availability of jobs.,the potential for decent housing.,educational opportunities.,their families live there already.,D,True,0.13233884,0.2845732,0.2801613,0.3029266
"Which language family is most widely spoken in North America and Europe and includes Baltic, Celtic, Germanic, and Greek?",Dravidian,Uralic-Altaic,Sino-Tibetan,Indo-European,D,False,0.20760207,0.27502808,0.35314304,0.16422677
Which theorist(s) tried to explain the prices of farm products as they relate to patterns of land use?,Rostow,Ravenstein,Von Thünen,Burgess,C,False,0.14929076,0.40265626,0.37239614,0.07565687
Which of the following is NOT a spread effect in the core-periphery model of development?,Congestion in the core,High cost of labor in the core,High density in the core,More infrastructure in the core,D,True,0.13009082,0.28414446,0.25871646,0.32704827
Which of the following is NOT an important environmental factor influencing a country's agriculture?,Number of frost-free days per year,Availability of sufficient rainfall,Reliability of sufficient rainfall,Amount of fertilizer produced in the country,D,True,0.14840648,0.24468091,0.2564234,0.35048923
Which of the following countries is situated in the region of tectonic activity known as the Pacific Ring of Fire?,Brazil,Australia,Chile,India,C,True,0.14987846,0.28889832,0.35953975,0.20168352
"Which one of the following statements is NOT true of the ""core"" countries?",They are technologically advanced.,They are wealthy.,They are powerful.,They are less developed.,D,True,0.12535244,0.2492931,0.2737949,0.3515596
"If you wanted to find the global distribution of coal, you would use a",reference map.,topographic map.,thematic map.,location map.,C,False,0.23157364,0.38180038,0.29734644,0.08927959
Which one of the following is NOT a centripetal force in a state?,A high level of confidence in central government,The existence of strong separatist groups,The existence of national transportation networks,The national anthem,B,False,0.11070403,0.25739458,0.25739458,0.3745069
The cities of Varanasi (Benares) in India and Mecca in Saudi Arabia are alike because both are,capitals of countries formerly colonized by the English,destinations for vast numbers of pilgrims,financial centers for a large fraction of the world's economy,examples of modern urban planning,B,True,0.14430833,0.35716653,0.31031168,0.18821354
China and Vietnam's dispute over the Spratley Islands is,a positional dispute.,a territorial dispute.,a resource dispute.,a functional dispute.,C,False,0.21038671,0.43848357,0.25777116,0.09335854
Which of the following is NOT used by geographers to determine absolute location?,Longitude,Latitude,Equator,Distance to the nearest city,D,True,0.16678606,0.26239127,0.25431836,0.3165043
Which of the following is a characteristic of a developed country?,Over 50% of workforce engaged in agriculture,Women held in inferior place in society,Main disease related to age and lifestyle,High birth and death rates,C,True,0.1735469,0.27732718,0.33978835,0.20933753
"Mary lives in a neighborhood with stores, offices, and restaurants so close that she does not need to own a car; however, she feels she has very little privacy. This is an example of a(n)",win-win.,trade-off.,infill.,leapfrog development.,B,False,0.17978981,0.30583274,0.31064892,0.20372854
Which of the following items below is an absolute location?,10 miles east of Pittsburgh,Washington,3 degrees south,"479 Elm Street, Muncie, Indiana",D,False,0.14792308,0.22910777,0.33334982,0.28961936
Which one of the following groups is excluded from the caste system of Hinduism?,Scholar-priests,Warrior-landowners,Businessmen and farmers,Untouchables,D,False,0.13607435,0.31638235,0.33678725,0.2107561
Which of the following is a push factor?,Dissatisfaction with current jobs,Higher-paying jobs elsewhere,An attractive retirement community elsewhere,A pleasant climate,A,False,0.18869253,0.30627817,0.35807547,0.14695388
"The Basques, Bretons, Kashmiris, and Tamils are all examples of",regionalist groups.,separatist groups.,terrorist groups.,interventionist groups.,B,True,0.19599505,0.36616695,0.29885677,0.1389813
Which of the following factors does NOT play a role in gender relationships in a culture or society?,Biology,Advancements in technological development,Religion,Custom,A,False,0.14260821,0.31148496,0.28361028,0.26229662
The intensive agricultural practice of planting and harvesting the same crop more than once a year is called,swidden.,double cropping.,pastorialism.,intertillage.,B,True,0.19935136,0.4027008,0.29926184,0.09868608
"When a new fashion design is introduced globally, the information initially travels through a process known as",contagious diffusion,relocation diffusion,innovative diffusion,hierarchical diffusion,D,False,0.20878173,0.37805486,0.32336745,0.089795895
Opponents of genetically modified organisms (GMOs) in food are afraid that the GMOs,will hinder global trade.,make plants more resistant to disease.,may cause irreversible changes in humans.,make plants more resistant to drought.,C,True,0.13867563,0.35412064,0.3828957,0.124308035
Which one of the following is NOT an advantage of urban agriculture?,Helping to solve the problem of solid waste disposal,Fresh produce for sale to others,Beautification of a dingy urban area,Renewed or purified water supplies,D,True,0.121004865,0.2561673,0.27268866,0.35013917
Which of the following is NOT a problem Europe currently faces today?,Rising immigration,Lack of population growth,Environmental apathy,Urban ethnic ghettos on the rise,C,False,0.14253071,0.23135018,0.26215413,0.36396495
The world systems theory divides the world into,"core, periphery, and semi-periphery.",rich and poor.,developed and undeveloped.,haves and have-nots.,A,False,0.15944862,0.3482678,0.35375223,0.13853136
The majority of Kurds are found in which country?,Iran,Iraq,Turkey,Egypt,C,False,0.17199631,0.3641162,0.29718298,0.16670454
In what country are the most Basque speakers found?,Denmark,Finland,Luxembourg,Spain,D,False,0.16363499,0.3009708,0.26978847,0.26560578
The most rapidly urbanizing area of the world is:,Europe,East Asia,Sub-Saharan Africa,South Asia,C,True,0.14718398,0.28817225,0.4127877,0.15185611
The influence of neo-Malthusianism can be seen in,government programs for birth control and planning.,famine relief.,increased spending in social welfare programs.,increased total fertility rates.,A,False,0.16310754,0.32437807,0.3095237,0.20299062
The process of devolution involves,the change of government from a democracy to a communist dictatorship.,the movement of power from the central government to regional governments in the country.,the movement of power from a monarchy to a military dictatorship.,the movement of power from regional governments to central governments.,B,True,0.11264539,0.40565163,0.3579863,0.123716764
The theory that cities grow outward from a core utilizing several nodes of growth was proposed by,Rostow.,Ravenstein.,von Thünen.,Harris and Ullmann.,D,False,0.1727617,0.37734625,0.354484,0.095408075
The theory that the main purpose of a settlement or market town is to furnish goods and services to the surrounding market area is called the,urban hierarchy theory.,central place theory.,concentric zone model.,multiplier effect.,B,True,0.17646816,0.5351331,0.25675967,0.031639
Which one of the following statements does NOT correctly describe transnational companies (TNCs)?,"Many TNCs operate in areas of electronics, chemicals, pharmaceuticals and petroleum.",Most TNCs produce and sell manufactured goods.,"Most TNCs are headquartered in the United States, Japan, and the European Union.",TNCs are generally controlled by foreign governments.,D,True,0.10793607,0.27135125,0.29340065,0.32731208
"The ""melting pot"" theory of combining several immigrant groups into one mainstream culture is called",amalgamation theory.,acculturation.,ethnic islands.,ethnic clustering.,A,False,0.20731513,0.43208185,0.28782856,0.072774455
Which theory below was used as justification for US involvement in Vietnam in the 1960s and 1970s?,Devolution,Colonialism,Heartland theory,Containment theory,D,False,0.20723361,0.33115834,0.34167045,0.11993761
Urban agriculture can benefit urban society in all of the following ways EXCEPT,create sustainable food systems in urban areas.,provide jobs for women and children.,turn urban waste into a resource when utilized in safe manner.,replace agribusiness as the main focus of global food production.,D,True,0.13600886,0.26629242,0.26629242,0.33140627
Which one of the following organizations is NOT a supranational organization?,UN,NATO,ASEAN,PLO,D,True,0.15582475,0.30036008,0.23392066,0.30989453
Which one of the following demographic factors characterizes stages 4 and 5 in the demographic transition model?,Zero population growth,High mortality rates,High birth rates,High sex ratios,A,False,0.15777636,0.318717,0.35555452,0.16795206
Which of the following statements does NOT describe a factor that contributed to suburbanization in the United States?,A shorter workweek made time for a commute possible.,Changes in the housing mortgage regulations made home ownership easier.,Fixed-route public transit routes increased in importance.,Improved automobiles made transportation easier and less limited.,C,False,0.116416186,0.2749383,0.2664793,0.34216622
An isobar map shows lines connecting all points of equal,atmospheric pressure,surface temperature,elevation,precipitation,A,False,0.18215425,0.32472503,0.32983872,0.163282
Ralph purchases garden fertilizer at the nearby garden shop rather than drive 50 miles to the neighboring town for the same product. This reflects which type of spatial interaction?,Transferability,Complementarity,Intervening opportunity,Territoriality,C,True,0.17799868,0.33778214,0.35399264,0.13022661
What type of countries generally possesses a greater variety of climates and resources than other countries?,Perforated states,Fragmented states,Elongated states,Prorupt states,C,True,0.17234336,0.29316592,0.34814316,0.18634762
Which of the following factors has little or no impact on mortality rates in the developing countries?,New medicines,Improved birth control methods,Pesticides,Famine relief,B,True,0.18358164,0.30267495,0.28881446,0.22492892
"The idea that you identify with, and give allegiance, to a nation-state is",regionalism.,diffusion.,iconography.,nationalism.,D,False,0.19485433,0.3528356,0.31627977,0.13603024
What condition occurs when the people of one state want to annex a territory whose population is ethnically related to that state's population but now under the rule of another state?,Nationalism,Resource dispute,Irredentism,Positional dispute,C,False,0.2047081,0.36493164,0.36493164,0.06542864
"Variations in vocabulary, pronunciation, and rhythm in a spoken language are called",syntax.,isoglosses.,lingua francas.,dialects.,D,False,0.19544078,0.4473684,0.25891697,0.0982738
Boundary problems along the United States–Mexico border are caused by which type of issue below?,Ownership of fertile ground,Land use,Irredentism,Immigration,D,False,0.17616041,0.3140399,0.3614577,0.14834194
In which country does language pose a centrifugal force?,Canada,United States,Brazil,Norway,A,False,0.20924342,0.38485754,0.26867384,0.13722518
Quebec is a strong example of which of the following situations?,Irredentism,Secession,Ethnonationalism,A colony,C,False,0.17103294,0.36207673,0.35646325,0.11042717
Which of the following items below is NOT considered a barrier to the diffusion of an innovation?,Internet,Distance,Cultural obstacles,Government interference,A,False,0.14098462,0.2803814,0.28479677,0.2938372
Change in any culture is introduced through all the following processes EXCEPT,innovation.,diffusion.,acculturation.,gravity.,D,False,0.14651231,0.315051,0.30062374,0.23781297
Which of the following statements regarding historical North American migration streams is NOT correct?,Canada's first major migration came from France.,Canada's second major migration stream originated in the British Isles.,Canada's third major migration stream came from Latin America.,The first major migration wave to the United States originated in Europe.,C,False,0.13153403,0.26158664,0.26570603,0.3411733
A chief factor that contributed to the Second Agricultural Revolution was,the Industrial Revolution.,World War I.,World War II.,the discovery of the plow.,A,False,0.17603283,0.29479954,0.36119592,0.1679717
Zero population growth (ZPG) is achieved when,CBR – CDR 5 2.,Births 1 immigration 5 deaths 1 emigration.,Total fertility 5 3.,Replacement fertility is achieved.,B,True,0.14425355,0.33019966,0.29140016,0.23414662
In which of the following Asian countries would one find special economic zones (SEZs)?,Japan,South Korea,China,Vietnam,C,True,0.15756053,0.2680195,0.37210822,0.20231172
Which of the following industries does NOT need to be close to its markets?,Dairy foods,Bulk-gaining products,Single-market products,Bulk-reducing products,D,True,0.13863143,0.25899762,0.28004318,0.32232773
Which of the following is NOT a characteristic of a city in the developing world?,Contains modern centers of commerce,Has a well-developed infrastructure,Experiences large in-migrations of rural people into the city,Produces a large share of its country's GDI,B,False,0.114187084,0.24173406,0.26967382,0.37440503
A map that presents a single class of statistics is called a,general purpose map.,thematic map.,reference map.,mental map.,B,True,0.19796325,0.5381199,0.22432175,0.039595142
The construction of freeways leads to all but which of the following results?,Urban sprawl,Traffic increase,Traffic congestion,Decreased dependency on cars,D,False,0.14178288,0.31951264,0.28196892,0.25673562
Which continent has the highest total fertility rates?,Africa,Asia,South America,Europe,A,False,0.23281272,0.27647194,0.303645,0.18707027
What monotheistic religion is based on the life and teachings of Jesus Christ of Nazareth?,Islam,Christianity,Hinduism,Buddhism,B,True,0.18435834,0.5678637,0.2056666,0.04211142
Which of the following statements is true concerning folklore?,It is the written tradition of a group.,It encourages changing the old values and customs.,It serves to blend all cultures into one.,It expresses in words the shared values of a group by expressing their ideals.,D,False,0.14240848,0.31104872,0.32597625,0.22056656
The irregularity of the wet monsoon in South Asia in recent years may have a significant negative effect on which of the following?,Food production,Population patterns,Wildlife conservation efforts,Tourism,A,False,0.1801928,0.33664444,0.33142525,0.15173754
"According to Alfred Weber's least-cost theory, which one of the following costs of production is the most important factor in locating an industry?",Labor,Transport,Raw materials,Agglomeration costs,B,False,0.18677904,0.28038853,0.34894916,0.1838833
The climate of Great Britain is milder than most other places along the same latitude for which of the following reasons?,"The Gulf Stream brings warm waters to Great Britain, raising the temperature of winds that blow onto the island.",Hot springs throughout the country raise the temperature of the surrounding land and air.,Mountain ranges in the north of Great Britain act as a barrier to cold winds blowing from the Arctic.,Small landmasses generate their own local climate and are largely unaffected by latitude.,A,False,0.19029906,0.27259082,0.35552543,0.18158461
Which of the following supranational organizations is not an economic union?,EU,CARICOM,NAFTA,NATO,D,False,0.21572064,0.29485515,0.2561746,0.23324962
The global lingua franca is,Chinese.,English.,French.,Arabic.,B,True,0.21519062,0.40202898,0.2438429,0.1389375
What are the two major branches of Islam?,Sunni and Shinto,Shinto and Shiite,Sunni and Shiite,Shamanism and Shiite,C,False,0.1628117,0.42895168,0.32888865,0.07934809
What was the primary reason the Green Revolution did NOT help Africa much?,It targeted crops Africans don't grow and eat.,It required sophisticated machinery.,Population growth has fallen so drastically that Africans don't need the increased food production.,African agricultural production went up without its help.,A,False,0.12644784,0.23995583,0.40817863,0.22541766
The largest exporter of agricultural goods in the world is,China.,Mexico.,Chile.,the United States.,D,False,0.20388782,0.29665503,0.3108918,0.18856542
Which of the following statements is NOT part of Gunnar Myrdal's theory of cumulative causation?,Developing and developed regions share similarly in wealth through trade.,The core will always dominate the periphery.,Growth and prosperity of the core exists at the expense of the periphery.,"Regions with initial advantage keep and expand it as they attract labor, capital, and trade.",A,False,0.11743005,0.24474525,0.26463273,0.37319195
Which pair of religions below share a long-held tradition of cremating their dead?,Hindu and Buddhist,Hindu and Muslim,Muslim and Jewish,Christian and Buddhist,A,False,0.17787743,0.3707284,0.30734462,0.14404953
"The official languages of Guyana, Suriname, and French Guiana are English, Dutch, and French, respectively. On what continent are those countries located?",North America,South America,Africa,Asia,B,True,0.15638593,0.4742345,0.26189718,0.10748238
