0,1,2,3,4,5,model/hub/LLM-Research/Llama-3___2-1B_correct,model/hub/LLM-Research/Llama-3___2-1B_choiceA_probs,model/hub/LLM-Research/Llama-3___2-1B_choiceB_probs,model/hub/LLM-Research/Llama-3___2-1B_choiceC_probs,model/hub/LLM-Research/Llama-3___2-1B_choiceD_probs,model/hub/LLM-Research/Llama-3___2-1B_choiceI don't know_probs
Which of the following best describes the balance the Supreme Court has struck between the establishment clause and the free-exercise clause?,"Freedom of speech is protected except in certain situations, such as yelling ""fire"" in a crowded theater.","Once a church has been recognized by the federal government, its tax-exempt status can never be revoked.","Once Congress has created an administrative agency, that agency can be dissolved only by a constitutional amendment.","State-sponsored prayer during school hours is prohibited, but voluntary prayer by student groups before school is allowed.",D,False,0.15344504,0.1595576,0.49921155,0.17939544,0.008390436
Which of the following statements does NOT accurately describe voting behavior in the United States?,Registered voters between the ages of 35 and 45 are more likely to vote than are those under the age of 21.,A registered voter who has attained his or her General Educational Development (GED) is less likely to vote than a high school dropout.,Registered voters are more likely to vote in general elections than they are in primary elections.,More women than men have voted in every presidential election since 1980.,B,False,0.09423179,0.11016813,0.39364326,0.39984226,0.0021146357
Which of the following plays the most significant role in forming a child's political views?,The geographical area in which the child grows up,The child's family,The media to which the child is exposed,The child's religion,B,False,0.20126736,0.05088836,0.4162128,0.3292514,0.00238008
What power was granted to the states by the Articles of Confederation but not by the Constitution?,Coining money,Authorizing constitutional amendments,Having representation in Congress,Appealing to the president to adjudicate disputes,A,True,0.5101954,0.11207505,0.18334255,0.19214134,0.0022456893
The primary function of political action committees (PACs) is to,contribute money to candidates for election,coordinate local get-out-the-vote campaigns,promote the defeat of incumbents in the federal and state legislatures,organize protest demonstrations and other acts of civil disobedience,A,True,0.39305466,0.028251208,0.20075266,0.37505537,0.0028860425
Federal judges are subject to which of the following disciplinary actions?,"Impeachment, conviction, and removal from office by Congress",Removal from office by the appointing president,Removal from office by the president-elect,Recall elections by citizens residing in the district over which the judge has jurisdiction,A,False,0.29338378,0.09304135,0.08471512,0.52711517,0.0017445236
The amount of access cabinet secretaries have to the president is most likely to be controlled by the,vice president,president's chief of staff,national security advisor,chair of the Federal Reserve Board,B,False,0.2533585,0.08553007,0.113308944,0.5448064,0.0029960822
Which of the following defines the salience of a political issue?,The amount of coverage the issue receives in the major news media,The degree to which public opinion on the issue is likely to shift quickly,The number of people affected by the issue,The importance of the issue to a particular individual or group,D,False,0.4666479,0.103312925,0.056170266,0.36914885,0.0047200765
Voters who rely exclusively on television network news coverage of national elections are most likely to be aware of,which special interest groups have endorsed which candidates,"the relative strength of each candidate's support, as indicated by public opinion polls",candidates' positions on international issues,candidates' positions on domestic issues,B,False,0.23913495,0.036387146,0.1052897,0.6154419,0.0037463352
Which principle was established by the Supreme Court's decision in Marbury v. Madison?,"One man, one vote",Separate but equal,Judicial review,Right to privacy,C,False,0.29512268,0.00898183,0.1027916,0.58235407,0.010749843
Which of the following people would most likely be accused of influence peddling?,A congressperson who retires to take a position teaching political science at a university,A former president who advises a current president on a particular foreign policy issue,A voter who researches the positions of all candidates in a race before choosing whom to support,An official who leaves the State Department to work as a paid consultant to foreign governments,D,False,0.527135,0.13121428,0.18795578,0.14524096,0.008454039
Which of the following does the Supreme Court NOT have the power to override?,Constitutional amendments,Presidential executive orders,Laws passed by Congress,Laws passed by state legislatures,A,False,0.3823664,0.03875721,0.13214228,0.44355276,0.0031813853
"According to The Federalist Papers, federalism has which of the following effects on political factions?",It provides a structured environment in which factions may flourish.,It limits the dangers of factionalism by diluting political power.,It allows factions to dominate on the national level while limiting their influence on state governments.,It eliminates any opportunity for factions to form.,B,False,0.16519544,0.17584963,0.38110188,0.2598889,0.017964171
Which of the following statements about voting patterns is NOT true?,Non-whites are more likely to vote Democratic than are whites.,Women are more likely to vote Democratic than are men.,Low-income Americans are more likely to vote Democratic than are upper-income Americans.,Evangelical Christians are more likely to vote Democratic than are non-religious Americans.,D,True,0.10763863,0.117297925,0.33941284,0.40622395,0.029426767
The legal principle that instructs judges to follow established precedent when deciding cases is commonly referred to as,certiorari,de jure,ex post facto,stare decisis,D,True,0.10926418,0.019286273,0.10757019,0.7525415,0.011337815
Voters in which of the following categories would be LEAST likely to vote?,Blue-collar workers who belong to a union,Professionals,Voters who are active in their political parties,Voters aged 18-29,D,False,0.38507384,0.03933777,0.24286304,0.3142881,0.018437242
"While ratifying the Constitution, the primary point of disagreement between Federalists and Anti-Federalists was over",whether representation in Congress should be equal among states or proportional to population,the strength of the federal government relative to the states,the future of the slave trade,whether people had inalienable rights,B,False,0.66019803,0.06286424,0.029007077,0.21266696,0.03526364
"The legislative successes of the National Rifle Association, antiabortion activists, and other powerful interest groups demonstrate that",United States domestic policy grew more conservative in the 1990s,the influence of political action committees has weakened in recent years,the power of interest groups depends on the degree of support for their positions in the White House,majority opinion on an issue can sometimes be overridden by the intensity of a minority's commitment to activism,D,False,0.4168008,0.17374842,0.18786685,0.2196386,0.001945309
The exclusionary rule was established to,"create ""separate but equal"" facilities to facilitate racial segregation",allow private organizations to restrict their memberships,limit the government's ability to use illegally obtained evidence,deny control of interstate commerce to the states,C,False,0.5505492,0.2662282,0.083120495,0.096421465,0.0036807035
The opinions of congressional committees often fail to accurately mirror public opinion because,the membership of committees often overrepresents constituencies with the greatest stake in the committee's business,most committees are too small to include representatives of all popular opinions,the minority party controls nearly half of all committees,committee members often lose track of their constituents' priorities because of their frequent contact with special-interest lobbyists,A,False,0.16885325,0.048377268,0.41791582,0.36309156,0.0017621419
"Congress would be required to use the ""elastic clause"" of the Constitution to",change citizenship requirements,impose workplace safety standards,increase tax rates,authorize the treasury to print money,B,False,0.23390985,0.01846493,0.058224767,0.6874993,0.0019011059
The House Rules Committee is considered among the most powerful in the House of Representatives because it has great power over the,ethical conduct of House members,selection of federal judges,number of subcommittees that a standing committee may establish at any given time,scheduling of votes and the conditions under which bills are debated and amended,D,False,0.4236911,0.070805885,0.12138953,0.37979424,0.004319187
"The Supreme Court issued the opinion quoted below in its ruling on which of the following cases? ""We conclude that in the field of education the doctrine of 'separate but equal' has no place. Separate educational facilities are inherently unequal.""",Gideon v. Wainwright,Marbury v. Madison,Engel v. Vitale,Brown v. Board of Education of Topeka,D,True,0.21177591,0.022147313,0.34915945,0.41463712,0.0022802353
In the past decade many states have moved forward the date of their presidential primary elections in an effort to,minimize the cost of running the election,convince the national government to move forward the date of the general election,restrict the number of entrants in the presidential race,increase the significance of their election results,D,True,0.38527676,0.0628947,0.10050545,0.44345084,0.007872195
"Ruled unconstitutional in 1983, the legislative veto had allowed",the executive branch to veto legislation approved by Congress,federal district courts to overturn legislation,the president to veto state laws,Congress to nullify resolutions approved by the executive branch,D,True,0.21157065,0.060144287,0.09916116,0.62671787,0.0024060742
Federal election laws are designed to achieve all of the following EXCEPT,require disclosure of campaign donations,"prevent campaigns from issuing ""attack"" ads",limit campaign contributions,require disclosure of campaign expenditures,B,False,0.19743676,0.020327626,0.1756039,0.6034154,0.0032162976
"The president executes a ""pocket veto"" by doing which of the following?",Publicly expressing rejection of a bill,Issuing an executive order invalidating a recently passed bill,Failing to sign a bill after Congress has adjourned,Recalling ambassadors from a peace negotiation,C,True,0.23504953,0.22960463,0.3473807,0.18593949,0.0020256487
Which of the following has been true of the Republican Party since the 1980s?,It has become aligned with civil libertarians.,It has come to be dominated by labor unions.,It has become more antagonistic to business interests.,It has become more influenced by evangelical Christians.,D,True,0.101975,0.12890849,0.33698562,0.4161217,0.016009228
"Which of the following statements is LEAST true of voters in federal, state, and local elections?",Voter turnout is lower in midterm elections than it is in presidential elections.,Voters lacking party affiliation tend to vote less regularly than those with strong party affiliation.,Young adults are less likely to vote than senior citizens.,Individuals are more likely to vote when they believe they know which candidate will win an election.,D,False,0.10713953,0.15710974,0.3710436,0.35129702,0.013410086
Which of the following is NOT true of executive orders?,Presidents avoid using executive orders for controversial actions.,Executive orders have the same effect as laws passed by Congress.,Presidents have made increased use of executive orders since the 1970s.,Executive orders bypass congressional approval.,A,False,0.13787116,0.16630436,0.34391072,0.33857888,0.013334866
Which of the following principles is realized when the federal government provides most of the funding to a project in which multiple levels of government work together?,Confederation,Fiscal federalism,Grant-based funding,Dual federalism,B,False,0.25308064,0.037033882,0.11407238,0.59304523,0.002767884
"In ""Federalist No. 10,"" James Madison argues that a federal system of government reduces the danger of political factions by",creating insurmountable obstacles to the founding of factions,making it difficult for one faction to gain the power necessary to govern,requiring equal representation of all factions within the government,restricting factional political activity to the state level only,B,False,0.3786007,0.07003409,0.09723269,0.4531257,0.0010068177
All of the following can be considered true about the impact of a higher level of education on voting habits EXCEPT,voters are more likely to support government-enforced affirmative action programs,voters are more likely to support environmental protection efforts,voters are more likely to support public prayer in schools,voters are less likely to support restrictions on abortion rights,C,False,0.16215634,0.047933318,0.15964234,0.6264841,0.0037838742
The boundary lines of congressional districts must be redrawn every 10 years to,reflect population shifts indicated by the national census,guarantee the turnover of the majority of congressional seats,make sure each state's congressional delegation exactly mirrors its residents' party affiliations,determine which party's leader will be named Speaker of the House,A,True,0.396598,0.061778057,0.25407022,0.28565884,0.0018949136
Which of the following is true of appellate courts?,Appellate judges never use the stare decisis principle.,Appellate trials are usually jury trials.,Appellate judges usually decide the facts of a case.,Appellate judges review decisions of lower courts.,D,True,0.17203367,0.13397995,0.30429655,0.3699305,0.019759366
Which of the following generally results when the Senate and House of Representatives pass different versions of the same bill?,The president signs the version he prefers.,The bill goes back to each house's committee and restarts the legislative process.,"All amendments to the bill are invalidated, and the original version of the bill is sent to the president to sign.",The two legislative bodies form a conference committee.,D,True,0.059253797,0.10563131,0.35734612,0.44126356,0.036505207
"Which of the following accounts for the fact that the power and prestige of the presidency have grown since 1932? I. America's increased prominence in international affairs II. continually improved public confidence in the federal government III. the New Deal and other programs that have expanded federal responsibility IV. the president's increased visibility, due to the development of mass media",I only,I and IV only,"I, III, and IV only",II and IV only,C,False,0.24398309,0.061208516,0.33873695,0.35499328,0.0010781254
"Interest groups representing businesspeople and investors are often among the most successful lobbying groups in Washington, D.C., for all of the following reasons EXCEPT",Such groups have the financial resources to mount sustained campaigns on their own behalf.,"Many such groups have been in existence for several decades or more, allowing them to master the legislative system and to develop close ties with legislators.","In many districts, these groups' constituents make up the majority of voters.","These groups' constituents contribute heavily to many legislators' campaigns, and in doing so, gain greater access to legislators.",C,True,0.09192791,0.14127272,0.40560496,0.3362583,0.024936115
Each of the two main political parties of the United States is organized,as a single party with a presence at the national level only,into a federal structure in which state and local parties have no power,as a relatively independent organization that exists at all levels of government,"in a top-down fashion, so that instructions are dispersed from the national level to the state and local levels",C,False,0.57077044,0.14658597,0.05830787,0.22351691,0.0008188225
The origination clause of the Constitution states that,the Bill of Rights must not be infringed upon by any state legislature,Congress and the president must jointly create the annual federal budget,revenue bills must be initiated in the House of Representatives,the Supreme Court has original jurisdiction over all constitutional matters,C,False,0.4378719,0.21174102,0.07374966,0.27401325,0.0026241024
"Among the following groups that have traditionally supposed the Democratic Party, which has the least liberal constituency?",White Southerners,Labor union members,African Americans,Northern ethnic minorities,A,True,0.55706865,0.05141222,0.18805811,0.17528942,0.028171573
Which of the following has the Supreme Court held about the death penalty?,The death penalty may only be imposed upon citizens.,"Under some circumstances, the death penalty may not violate the Eighth Amendment.","Under some circumstances, the death penalty may violate the Third Amendment.",States may execute any adult regardless of intellectual disability.,B,False,0.12059074,0.15484157,0.3008058,0.40162846,0.02213345
Which of the following describes a core principle of the Constitution as it was written in 1787?,Direct democracy,Checks and balances,Equal representation,Unitary government,B,False,0.20996314,0.009974751,0.027757179,0.75022227,0.00208267
What is the primary reason that the committees in the House of Representatives are more influential than they are in the Senate?,The difference in size between the two chambers means that more work is done on the floor in the Senate and more work is done in committees in the House.,The Senate as a whole has confirmation powers that the House does not have.,Members are appointed to the committee in the House but are elected to committees in the Senate.,"A member of any party can serve a committee in the House, but only major party members can serve on committees in the Senate.",A,False,0.09540171,0.12345899,0.5533048,0.213318,0.014516472
Which of the following statements about presidential elections since 1972 is most accurate?,Voters increasingly get their information from newspapers.,Voters have become more focused on individual candidates.,Elections have become dominated by special interest groups.,Voters increasingly vote based on a party's platform.,B,False,0.10685416,0.10685416,0.37005532,0.3908563,0.02538009
Which of the following most accurately describes the right of American citizens to privacy?,The right to privacy is determined entirely by the states on a case-by-case basis.,The right to privacy is explicitly granted in the Preamble to the Constitution.,The Supreme Court has ruled that the right to privacy is implied by the Bill of Rights.,Common law requires the government to respect citizens' right to privacy.,C,False,0.1051038,0.12777372,0.35835025,0.39050797,0.018264301
A presidential veto would most likely be overturned in which of the following situations?,Approximately 30% of the senators and representatives are members of the presidential political party.,The majority of American citizens support the proposed legislation.,The chief justice of the Supreme Court was appointed by the president.,The president's successful reelection campaign advocated bipartisanship.,A,False,0.10513923,0.13187414,0.33939362,0.4125977,0.010995355
"Of the following interest groups, which has created the largest number of political action committees (PACs) since the 1970s?",Environmental activists,Labor unions,For-profit business,Religious institutions,C,False,0.34002134,0.027051931,0.12606794,0.49860835,0.008250373
The Commerce Clause of the Constitution has been used to,release detainees from prison following unlawful arrest,maintain the navy,increase the power of the national government,veto legislative bills of attainder,C,False,0.32517675,0.0131107345,0.24932165,0.4110619,0.001328923
"Which of the following would occur if Congress were to pass legislation and declare a recess, and the president took no action on the bill within ten days of its passage?",A line-item veto,A pocket veto,An adjournment,A writ of certiorari,B,False,0.20298584,0.011451678,0.26474342,0.5183425,0.002476599
Republican candidates for president who tend to be more successful in the primaries tend to be more conservative than rank-and-file Republicans because,moderate Republicans are less likely than conservative Republicans to gain widespread support in the general election,most moderate Republicans have approved of the Democratic presidential candidate,most rank-and-file Republicans do not care whether their party's nominee shares their political views,"party activists, whose political participation is disproportionate to their numbers, tend to be very conservative",D,True,0.1203951,0.08020043,0.13642552,0.6210452,0.041933767
"A ""motion for cloture"" is used to",send a bill back to the House,override a presidential veto in the House,amend an appropriations bill in the House,end a filibuster and force a vote on a bill in the Senate,D,True,0.24958198,0.05881959,0.085582,0.60341185,0.002604622
Which of the following best illustrates a use of the elastic clause?,The Supreme Court allows a lower court ruling to stand by refusing to hear an appeal.,A congressional committee prevents the full chamber from voting on legislation by delaying its report.,Congress passes legislation establishing a national speed limit.,A member of the House of Representatives introduces a bill to increase federal income tax rates.,C,True,0.088431835,0.16781412,0.43188938,0.30625543,0.005609264
Which of the following is true of the House Committee on Ways and Means?,Its primary role is to appropriate spending for infrastructure projects.,It is the primary author of congressional banking reform legislation.,It allocates funding for canals and waterways.,Its jurisdiction includes the tax system.,D,True,0.10183773,0.124774195,0.32873622,0.42210567,0.022546237
Which of the following is generally understood to be the purpose of the Tenth Amendment to the Constitution?,It allows for trial by jury in common-law cases.,It grants voting rights to all American women.,It lowers the legal voting age from 21 to 18.,It reserves powers to the states.,D,True,0.12891579,0.15550214,0.30925292,0.39093232,0.015396796
Which of the following best articulates the doctrine of original intent?,"When a law is unclear, the Supreme Court may consider the intent of a law or the letter of the law, but not both.",Copyright laws exist to protect the rights of those who create original works.,Appellate judges should respect the original decisions of trial judges.,The Constitution should be interpreted in light of the intent of those who wrote it.,D,False,0.1505011,0.16146412,0.38431805,0.28560093,0.018115774
Which of the following statements is true of congressional incumbents who run for reelection?,Incumbent senators are more likely to be reelected than are incumbent members of the House of Representatives.,Incumbents are prohibited by law from spending more on their reelection campaigns than their challengers spend.,Incumbents have a great advantage over challengers because they are better known and can raise campaign funds more easily.,"Ever since the 1994 election, the majority of congressional incumbents have failed in their reelection attempts.",C,True,0.11273941,0.120951734,0.4821253,0.27903274,0.005150746
The relative stability of American public policy is achieved largely through,cooperation between the two major political parties,judicial activism,the constitutional fragmentation of power,affirmative action programs,C,False,0.4345945,0.034040075,0.07611352,0.44839004,0.0068618427
Which of the following is a direct result of an electoral system that features single-member districts?,Only two major parties can successfully be supported.,National campaigns can be conducted without incurring great expense.,Third parties can be as successful as the two major political parties can.,Each political party tends to focus its campaign on a single issue.,A,False,0.17137156,0.13346432,0.35997033,0.31520054,0.019993288
All of the following contribute to lower voting rates among Americans in the 18-to-25 age bracket EXCEPT,college attendance in a state other than one's home state,frequent relocation of one's primary residence,the remoteness of most political issues to the daily lives of young people,the fact that the minimum voting age in some states is 21,D,True,0.16444948,0.050154258,0.33742842,0.44702002,0.000947767
Which of the following may file an amicus curiae brief?,A defendant who wants to know what witnesses the plaintiff plans to call.,Former presidents who wish to send instructions to the justices who they appointed.,A senator who wants to impeach a Supreme Court justice.,Companies that are not involved in a court case but wish to affect the outcome.,D,False,0.1282386,0.16084723,0.34858865,0.33523443,0.027091095
Which of the following best predicts how someone will vote in an election?,The voter's gender,The voter's political party affiliation,The voter's socioeconomic status,The voter's religion,B,False,0.27115726,0.026848204,0.21618542,0.4796283,0.0061808075
Which of the following statements about the electoral college is correct?,Each state must split its electoral votes among all the candidates that receive votes.,Each state is equally represented in the electoral college.,The electoral college was created by an amendment to the Constitution.,"The results of electoral college voting tend to distort the winner's margin of victory, when compared with the popular vote for president.",D,True,0.0703777,0.08555752,0.3546261,0.47348794,0.01595068
A sound bite would most likely be used during a presidential election in order to,"avoid ""horse race"" politics",provide the audience with a candidate's view in a limited amount of time,reduce the amount of negative advertising used,ensure a candidate is presented in the best light,B,False,0.17711121,0.07983028,0.02891261,0.70048845,0.01365735
Interest groups are barred from taking part in which of the following activities?,Sending lawmakers to educational seminars,Giving tangible gifts to lawmakers,Providing research to government officials,Staging protests and boycotts,B,False,0.37139148,0.03481573,0.16739926,0.4208417,0.0055518528
The Dred Scott decision of 1857 was overturned by the,Plessy v. Ferguson decision,Missouri Compromise,Jim Crow laws,Fourteenth Amendment,D,True,0.39839584,0.0510476,0.11063053,0.42741632,0.012509752
A member of which of the following demographic groups is most likely to support a Republican presidential candidate?,Married white male,Unmarried white female,"African American, male or female","Youths under the age of 25, male or female",A,False,0.25770807,0.026741121,0.0738346,0.6378336,0.0038826384
"Which of the following is the primary purpose of ""motor voter"" laws?",To increase turnout on election days,To make it easier for citizens to register to vote,To require that all voters know how to drive,To establish voter identification laws,B,False,0.35934573,0.09156944,0.1765047,0.36500463,0.007575429
An open primary is a primary election in which,"voters registered as ""independents"" may not vote",candidates do not specify the office for which they are running,voters may register at their polling place on election day,voters may vote in the election of a party other than the one to which they are registered,D,True,0.3316042,0.12586276,0.14041007,0.39999104,0.0021320141
"Which of the following is the largest source of ""automatic spending"" for the federal government?",Salaries to employees of the U.S. Post Office,Interest payments made to U.S. bondholders,Entitlement programs,National defense,C,False,0.48635086,0.070891395,0.11417263,0.27928782,0.04929723
"Which of the following is an example of ""horse-race journalism""?",A news story focuses on a politician's scandals rather than achievements.,A television news anchor reports an event before the station's rivals.,A reporter announces which candidate leads in a public opinion poll.,A newspaper editor prints stories about long-term political developments.,C,False,0.12930612,0.15475917,0.32762516,0.36264798,0.025661586
All of the following are core values of American political culture EXCEPT,income equality,democracy,individual liberty,due process,A,True,0.5639335,0.022737121,0.27699482,0.11820688,0.018127613
The Supreme Court has used the practice of selective incorporation to,limit the number of appeals filed by defendants in state courts,extend voting rights to racial minorities and women,apply most Bill of Rights protections to state law,hasten the integration of public schools,C,False,0.5612268,0.07419432,0.033441998,0.3299282,0.0012086453
"According to the Constitution, who determines voter eligibility requirements?",The president,Congress,State legislatures,Federal administrative agencies,C,False,0.30701143,0.058594156,0.1330796,0.446699,0.054615762
The difference between a pardon and a reprieve is,"a pardon lasts 10 years, while a reprieve lasts one year","a reprieve grants a release from legal punishment, while a pardon postpones it",a pardon grants a release from legal punishment while a reprieve postpones it,only state governors can issue pardons,C,False,0.33771446,0.05098726,0.17520395,0.43363395,0.0024604045
Which of the following actions can the president take without congressional approval?,Grant reprieves and pardons,Appoint Supreme Court justices,Negotiate and ratify treaties,Declare war,A,False,0.32435936,0.03313539,0.064875945,0.5737332,0.0038961037
Two related cases that focused on the right to privacy for all American citizens were,Near v. Minnesota and New York Times v. Sullivan,Texas v. Johnson and Morse v. Frederick,Thornhill v. Alabama and Cox v. New Hampshire,Griswold v. Connecticut and Roe v. Wade.,D,False,0.112744845,0.13388781,0.3844023,0.34727857,0.021686494
The swift adoption of the Bill of Rights in the years following ratification of the Constitution demonstrates the,Framers' unqualified commitment to individual rights,small states' determination to receive equal representation in the legislature,Northern states' support for abolitionism,states' fears of an overpowerful national government,D,False,0.5347841,0.19368596,0.044938754,0.22293116,0.0036600912
Incumbent members of the House of Representatives win reelection more often than incumbent senators for all of the following reasons EXCEPT,representatives' constituents more often belong largely to the representative's party,"senators have more political power than representatives, and Senate races are accordingly contested more aggressively",representatives may use federal funds to publicize their achievements via direct mail to constituents,representatives more often run uncontested,C,False,0.21818312,0.13922843,0.066282675,0.38895348,0.18735233
A Supreme Court that demonstrates a willingness to change public policy and alter judicial precedent is said to be engaging in,judicial activism,due process,judicial restraint,ex post facto lawmaking,A,False,0.26510438,0.011924095,0.074194215,0.6459672,0.0028101804
Which of the following is an accurate statement about the leadership of the two major political parties?,The national party organization controls all facets of party activity throughout the country.,"Party leadership is dispersed among numerous officials at the national, state, and local levels.",The highest elected official in each national party directs that party's activities and operations all the way down to the state and local levels.,All major decisions concerning party activities are made during each party's presidential nomination conventions.,B,False,0.14897023,0.14214838,0.45174664,0.24753673,0.009598041
"The opposition of the American Civil Liberties Union (ACLU), the National Association of Women Lawyers (NAWL), and the American Federation of Labor and Congress of Industrial Organizations (AFL-CIO) to Samuel Alito's 2006 nomination to the Supreme Court is an example of",realignment,coalition building,impeachment,a recall election,B,False,0.18664329,0.013207194,0.12827794,0.6668978,0.0049738754
"Which of the following is the best illustration of ""pork barrel"" legislation?",A federal agency is created to ensure the safety of food and animal products.,A bill can be passed only if a majority of congresspersons from rural districts approve of it.,A senator refuses to vote for a tax increase without a corresponding decrease in spending.,A member of Congress inserts a provision into a bill to secure funding for a project in his or her district.,D,False,0.1281717,0.19091116,0.4105235,0.26299122,0.007402429
All of the following statements about gerrymandering are true EXCEPT that it,favors incumbent candidates over challengers,can divide like-minded voters into several districts to reduce their influence,has been allowed by the Supreme Court in some instances,increases the control voters have over their elected officials,D,True,0.34702536,0.08372377,0.17863335,0.38713476,0.0034827958
"Which of the following was the legal basis for the 1973 Roe v. Wade majority opinion, in which the Supreme Court struck down a state ban on abortion?",The Nineteenth Amendment secures for women the right to vote.,The Civil Rights Act of 1964 prohibits discrimination based on gender.,The Bill of Rights implies a right to privacy.,The Ninth Amendment reserves powers to the people.,C,True,0.11119189,0.143893,0.3942095,0.33456126,0.016144348
"Of the following, American federalism is most clearly exemplified by the",system of checks and balances among the three branches of the national government,process by which international treaties are completed,"special constitutional status of Washington, D.C.",Tenth Amendment to the Constitution,D,False,0.4920131,0.050656512,0.17819534,0.278159,0.0009761384
"When the Founders met in 1787 to write the Constitution, their primary objective was to",establish a bill of rights that would protect citizens from the government,create a national court system for hearing disputes between citizens of different states,return to the states those powers that the Articles of Confederation had given to the central government,replace the weak central government created by the Articles of Confederation with a stronger one,D,False,0.7922318,0.058750022,0.035356387,0.11062034,0.0030415098
A constitutional amendment would be required to ban flag burning because that activity is currently protected by the right to,due process,assembly,free exercise of religion,free speech,D,True,0.30023152,0.012885678,0.0669907,0.61124104,0.008651035
Which of the following is an example of an implied power of the Congress?,regulation of interstate commerce,borrowing money on the credit of the United States,oversight of executive branch agencies,declarations of war,C,False,0.34192243,0.07001058,0.14253448,0.4424805,0.0030521122
"To which characteristic of American government does the term ""federalism"" refer?",The system of checks and balances within the national government,The power of the Supreme Court to review the constitutionality of laws,The Bill of Rights' protection of the rights of the accused,The division and sharing of power between the national and state governments,D,False,0.50547236,0.16030142,0.090626195,0.24252829,0.001071697
"Given the structure of the electoral college system, presidential candidates tend to","avoid battleground states and focus their campaigns on ""safe"" states",campaign more heavily in states with large populations,spend more television advertising money in the Plains States,campaign extensively in states that heavily favor one party over the other,B,False,0.27501634,0.06281966,0.09504311,0.5599055,0.0072153127
Filibusters are less likely to occur in the House of Representatives than in the Senate because,Senate decorum forbids one senator from attempting to stop another's speech,the House meets for substantially fewer hours per day than does the Senate,"Senate sessions, unlike House sessions, are open to the public",debate in the House is in most instances strictly regulated by the rules,D,True,0.26973346,0.2848953,0.10898216,0.3203164,0.016072692
"When the Democratic Party pursues liberal social policies, it is most likely to alienate which of its traditional bases?",People holding advanced academic degrees,Northeastern city dwellers,Southerners,Jewish Americans,C,False,0.35761902,0.061661255,0.14114402,0.41809902,0.021476693
The practice of drawing congressional district lines in an attempt to give one party a benefit over another is referred to as,front-loading,prior restraint,reapportionment,gerrymandering,D,True,0.26217616,0.05082517,0.09348179,0.5908231,0.0026936352
Which of the following is NOT a way in which the powers of the executive branch are balanced by the legislative branch?,The Senate may use the filibuster to block an executive order.,"Congress may impeach and convict a president for ""high crime and misdemeanors.""",The Senate can decline to ratify a treaty.,The Senate can decline to approve a president's nominee for the Supreme Court.,A,False,0.11508753,0.19424698,0.3462827,0.32025912,0.024123657
The line-item veto was found unconstitutional because,it gave executive powers to the legislature,it gave legislative powers to the bureaucracy,it gave legislative powers to the president,it delegated too many powers to the states,C,False,0.48878953,0.11340829,0.16500808,0.22909105,0.0037029118
"Why do political scientists identify the presidential elections of Franklin Roosevelt in 1932 and Richard Nixon in 1968 as well as the midterm election of 1994 as ""critical elections""?",The issues at stake in those elections were more important than in most elections.,Those elections saw major shifts in party alignment that would last for decades.,Minority voters played a key role in deciding the winners of those elections.,Those elections took place during wartime.,B,False,0.08490831,0.074348204,0.48103833,0.34647894,0.013226164
House members are more concerned about their committee assignments than are senators because,House members may serve on only one committee at a time,Senate committees have relatively little power to alter legislation,bills in the Senate must pass through all committees before reaching the floor,the rules make it extremely difficult for representatives to influence legislation on the House floor,D,True,0.26990852,0.05526532,0.07733008,0.5895344,0.007961724
Which of the following statements about voting populations is most accurate?,Individuals are less likely to vote in a closely contested race.,Voters are more likely to vote at age 18 than they are at age 65.,An individual with a graduate degree is more likely to vote than an individual who has only a high school diploma.,Affluent individuals are less likely to vote than impoverished individuals.,C,False,0.11826311,0.12887584,0.30199546,0.42588183,0.024983719
The primary goal of the Gramm-Rudman Acts of 1985 and 1987 was to,strengthen the military,increase funding for social programs,reduce the federal deficit,limit the president's ability to conduct foreign policy,C,False,0.22525033,0.008802404,0.17958522,0.5842549,0.0021071522
"Which of the following best describes the practice of ""ticket splitting""?",A presidential nominee selects a running mate who can appeal to voter groups whose support of the nominee is weak.,"A voter chooses the presidential nominee of one major party, but chooses congressional nominees of the other major party.",A mayor orders the local police force to hand out fewer parking violations in the weeks leading up to the general election.,A delegate to a national party convention supports the front-runner but remains uncommitted on the party platform.,B,False,0.120580845,0.15124227,0.4308491,0.28035888,0.016968912
Which of the following is the most direct result of an electoral system with single-member districts?,Proliferation of many small parties,A balance of power that favors the president over Congress,A persistent third-party presence,Development of a two-party system,D,False,0.46972525,0.043691255,0.107295364,0.37743485,0.0018533441
The Voting Rights Act of 1965,granted women the right to vote,banned race-based discrimination,granted African-Americans the right to vote,suspended the use of literacy tests at voting centers,D,True,0.3209418,0.029852238,0.1916431,0.45615026,0.0014126657
"In the House of Representatives, the Rules Committee",determines both the rules of the House and conditions for legislative process,plays a pivotal role in the management of the Library of Congress,has jurisdiction over fisheries and wildlife,determines what behavior is deemed ethical in the House,A,False,0.158559,0.005912473,0.0058208085,0.8243244,0.0053833677
"When an appeal is made to the Supreme Court, the court usually",refuses to hear the appeal,declares a mistrial,orders the lower court to retry the case,rules in favor of the defendant,A,True,0.4588413,0.03246839,0.21007285,0.28938758,0.009229957
Under which of the following circumstances does a president usually experience a reduction in political power? I. The president is in the final two years of his or her second term II. The number and severity of international crises is increasing III. Different parties control Congress and the White House IV. The economy is strong and the president's approval ratings are high,I only,I and II only,I and III only,II and III only,C,False,0.36682615,0.23499765,0.21564595,0.1815921,0.0009381345
Which of the following is LEAST likely to explain low voter turnout for an election?,The preclearance provision of the Voting Rights Act,Low levels of political efficacy among registered voters,Regulations that require voters to show identification,The frequency with which state and local elections occur,A,False,0.25730702,0.037947647,0.14099261,0.55329704,0.010455676
Members of Congress are allowed to mail letters to their constituents at the government's expense because of,gerrymandering,pork-barrel legislation,the Sixteenth Amendment,the franking privilege,D,True,0.19808999,0.06739672,0.15427263,0.57319236,0.0070482814
The idea that the Bill of Rights applies to both federal and state governments by means of the Fourteenth Amendment is called,mandamus,habeas corpus,strict constructionism,the doctrine of incorporation,D,True,0.33139265,0.0185504,0.13706994,0.5092766,0.0037103135
"If no presidential candidate receives a majority of the electoral college vote, then who becomes the president?",The candidate who wins the popular national vote,The incumbent vice president of the United States,Whomever is selected by the United States Supreme Court,The candidate who wins the majority of votes in the House,D,False,0.49402264,0.042497974,0.028755566,0.4292143,0.005509576
"Unlike in a closed primary election, in an open primary election",voters select the winner by caucus instead of by individual ballots,the election results are not binding,"any registered voter may participate, regardless of party affiliation",voters may register to vote on the day of the election,C,False,0.3143295,0.0664038,0.15805481,0.45734674,0.003865165
"Every ten years, the majority of state legislatures are responsible for",redrawing congressional district boundaries,electing a new state governor,evaluating the physical accessibility of polling venues,deciding where to construct new elementary schools,A,False,0.38739017,0.039574403,0.037762158,0.53365254,0.0016207191
Which of the following best describes the fate of most popular third-party movements?,They displace one of the two major parties and become major parties themselves.,They are ultimately abandoned by the public because their politics are perceived as too radical.,Their supporters become frustrated and withdraw from the political process.,They disintegrate when one or both of the major parties adopt the third party's goals.,D,False,0.111472234,0.16219115,0.37417105,0.33279464,0.01937097
The spoils system of awarding civil service jobs was replaced by the merit system as a result of the,Truman Doctrine,Fair Labor Standards Act of 1961,National Industrial Recovery Act,Pendleton Act of 1883,D,True,0.2434601,0.045744803,0.19870634,0.51139414,0.0006945981
"The term ""iron triangle"" refers to the interrelationship of the","president, Congress, and the Supreme Court","electorate, Congress, and political action committees","local, state, and federal governments","federal bureaucracy, congressional committees, and lobbyists",D,False,0.446335,0.1654853,0.060878634,0.304374,0.022927104
"The No Child Left Behind Act, which established educational standards that states must meet to receive federal educational funding, is an example of which of the following?",A federal mandate,A constitutional amendment,Affirmative action,Tort reform,A,False,0.40751213,0.03022013,0.06600683,0.4915535,0.004707388
An inherent power of the president is the power to,appoint a nominee for the U.S. Supreme Court,negotiate a treaty with another country,declare a state of emergency following a natural disaster,veto a bill passed by the U.S. Congress,C,False,0.48696414,0.12216566,0.05637019,0.3320807,0.00241936
The Supreme Court has used the Fourteenth Amendment to apply portions of the Bill of Rights to state law by citing the amendment's,prohibition on unreasonable search and seizures,due process clause,guarantee of privacy rights,abolition of slavery,B,False,0.65272605,0.023775546,0.15625198,0.165035,0.0022114702
Political efficacy refers to the idea that,political parties can provide a check to the political influence wielded by corporations,individuals believe that they can influence the government through participation in the democratic process,the system of checks and balances ensures that the government is both efficient and productive,politicians have a duty to inform their constituents about the democratic process,B,False,0.32761982,0.11234127,0.1431265,0.3982844,0.01862801
Which of the following presidential powers is shared with the Senate?,Deploying troops,Drafting appropriations bills,Negotiating treaties,Forcing Congress into session,C,False,0.25478506,0.029493514,0.057745498,0.65571934,0.002256597
Which of the following is a significant difference between the Senate and the House of Representatives?,Only the House has the power to issue subpoenas.,Only the Senate may introduce revenue bills.,"States are equally represented in the House, while representation in the Senate is proportional to population.","The Senate allows unlimited debate, while the House does not.",D,True,0.12906855,0.12906855,0.36482072,0.37056583,0.006476344
"A member of the president's cabinet is said to have ""gone native"" when that cabinet member",resigns to take a position as a consultant to lobbying groups,cedes control of his or her department to lifelong bureaucrats within the department,places his or her department's priorities above the president's,accepts bribes or expensive favors from businesses regulated by his or her department,C,False,0.41117066,0.07145075,0.09174458,0.4209213,0.0047126873
All of the following are ways in which lobbyists attempt to persuade legislators EXCEPT,distributing propaganda to media,endorsing candidates for office,socializing with government officials,acquiring corporate campaign donations for candidates,D,False,0.6343196,0.071726866,0.0871977,0.20274073,0.0040150625
All of the following are consequences of low voter turnout in the United States EXCEPT,a perception of the government as illegitimate,a lack of true democracy,a lack of minority representation,an imposition of a fine on non-voters,D,True,0.363302,0.053162828,0.17161171,0.4084714,0.003452106
Which of the following statements is true regarding delegates to presidential nomination conventions?,Delegates are generally more likely to register as third party voters at some point.,The majority of the general population is more educated than the delegates.,Delegates typically have little interest in politics.,"Typically, the general population is less ideological than the delegates.",D,True,0.10718803,0.121459946,0.32000434,0.4206378,0.030709887
All of the following are specifically mentioned in the Constitution EXCEPT,judicial review,the national census,rules of impeachment,the State of the Union address,A,True,0.53041536,0.024233185,0.18912542,0.24860068,0.0076253093
Which of the following is true of the Supreme Court?,Every case appealed to the Supreme Court is ruled upon by the court.,The court helps set the public agenda by deciding which appeals to hear.,The court hears all cases when two or more justices agree that the case has merit.,"In deciding cases, the chief justice's vote counts as two votes.",B,False,0.1678308,0.12375067,0.51695526,0.18722878,0.004234515
"While best known for protecting freedom of speech and religion, the First Amendment also protects Americans' right to",due process of the law in any criminal case,retain personal property unless justly compensated by the government,not be subjected to excessive fines or unusual punishment,petition the government for a redress of grievances,D,True,0.3979124,0.05512864,0.10060801,0.44044888,0.005902018
The Voting Rights Act of 1965 has had which of the following effects?,States have been prohibited from establishing voter identification requirements.,Voters must now pass literacy tests before voting.,Voting participation for racial minority voters has increased.,The voting age was lowered from 21 to 18.,C,True,0.16680278,0.14046203,0.36433077,0.3116286,0.016775796
"Considered as a single group, the Small Business Administration, the Small Business committees in the House and Senate, and small business advocacy groups are an example of",an iron triangle,a conference committee,a regulatory agency,dual federalism,A,False,0.20279306,0.011803972,0.035795104,0.74760413,0.0020037063
A writ of certiorari from the Supreme Court indicates that the Court,will review a lower court decision,has rendered a decision on a case,has decided not to hear an appeal,will recess until the end of the calendar year,A,True,0.35906944,0.030648334,0.26683775,0.33731452,0.006130052
Which of the following does NOT appear in the Constitution?,The electoral college,Political parties,Separation of powers,The term length for members of Congress,B,False,0.7776217,0.0668944,0.10442067,0.050101586,0.00096168113
"Which of the following constitutional principles might be violated if the Environmental Protection Agency issued, enforced, and adjudicated all disputes regarding a new regulation?",Vertical federalism,Due process of law,Comity,Separation of powers,D,False,0.45933902,0.056161195,0.09405231,0.38379213,0.0066553
Which of the following correctly states the relationship between the federal and state judiciaries?,Federal courts are higher courts than state courts and may overturn state decisions on any grounds.,"The two are entirely autonomous, and neither ever hears cases that originate in the other.","The two are generally autonomous, although federal courts may rule on the constitutionality of state court decisions.",State courts are trial courts; federal courts are appeals courts.,C,True,0.120861314,0.14808238,0.4153073,0.29913464,0.016614383
An example of a categorical grant would be,money loaned by the federal government to cities to fund school maintenance,money given by the federal government to states without conditions,money loaned by the federal government to a private company to prevent it from failing,money given by the federal government to states to fund Head Start early education programs,D,False,0.39629313,0.11353989,0.21378411,0.27450424,0.0018787219
When the Supreme Court decides to take a case on appeal it,issues a writ of habeas corpus,issues a writ of certiorari,issues amicus curiae briefs,engages in judicial review,B,False,0.23102228,0.0126323905,0.098588206,0.6529997,0.004757402
Which of the following is true of federal judges?,They serve four-year terms that coincide with the presidential term.,They are appointed for life and can only be removed by impeachment.,They are elected by Congress and serve ten-year terms.,They are appointed for life and cannot be removed from office.,B,False,0.10932507,0.14370508,0.2857917,0.42568547,0.035492655
Congress has attempted to protect independent regulatory agencies from political influence by requiring that each agency,be led by a group of commissioners representing both major political parties,plan policy cooperatively with the appropriate congressional committees,reapply for funding at the end of each fiscal year,submit all planned policy changes to the president for approval,A,False,0.36228204,0.12520133,0.045344915,0.46517935,0.0019923165
Which of the following is true of congressional redistricting?,The responsibility for redrawing congressional districts belongs to congressional committees.,It is a noncontroversial process because it has few political ramifications.,It occurs every 10 years to reflect changes in population according to the census.,The Supreme Court has ruled that legislators may not consider racial demographics when redrawing districts.,C,False,0.09994613,0.109769344,0.3102703,0.4731057,0.006908526
Which of the following most accurately describes The Federalist Papers?,"The Federalist party platform during the presidency of John Adams, the first Federalist president",A popular anti-British booklet of the pre-Revolutionary era,A collection of essays arguing the merits of the Constitution,A series of congressional acts defining the relationship between the federal and state governments,C,False,0.49471745,0.19222648,0.15445833,0.1581212,0.0004764818
Which of the following is true of court cases in which one private party is suing another?,They are tried in civil court.,The federal court system has exclusive jurisdiction over them.,They are tried in criminal court.,The state court system has exclusive jurisdiction over them.,A,False,0.071815684,0.10865366,0.29766774,0.5103212,0.01154183
Which of the following statements about political action committees (PACs) is most accurate?,"They may only campaign for issues, not for individual candidates",Their activities are not regulated by the Federal Election Commission (FEC),Their activities are limited to national presidential elections,"They raise money to influence federal, state, and local elections",D,False,0.48728165,0.058197495,0.09155751,0.36211696,0.00084651576
The line-item veto was ruled unconstitutional because it,violated the legislative process by which bills become laws,allowed Congress to eliminate sections of legislation without a two-thirds majority,gave states the ability to override federal legislation,empowered Congress to nullify executive actions,A,False,0.35636255,0.040612407,0.08398482,0.51850444,0.0005357694
"In which of the following cases did the Supreme Court decision establish the ""separate but equal"" doctrine of state-sponsored racial segregation?",Plessy v. Ferguson,McCulloch v. Maryland,Gibbons v. Ogden,Brown v. Board of Education,A,False,0.34833762,0.14634761,0.13641097,0.36791784,0.0009860824
Which of the following categories of spending are paid without an appropriations bill?,Department of Education special acts and authorizations,Justice department budgets,Federal budget entitlements,Department of Defense funding,C,False,0.3557064,0.040537633,0.11821951,0.47865528,0.0068812007
The Reorganization Plan 1 of 1939 and Executive Order 8248 allow the president to select the staff for the,Peace Corps,White House Office,Senate Committee on Appropriations,Cabinet,B,False,0.15693852,0.17236324,0.14401487,0.51458156,0.012101798
Failed felony prosecutions at the state level are sometimes retried at the federal level,on appeal by state prosecutors,"under the ""double jeopardy"" provision of the Constitution",because new evidence has voided the state-level verdict,as civil liberties violations,D,False,0.5191612,0.06347537,0.07716642,0.3248828,0.015314146
"Compared with political parties in countries such as England and Israel, both of which have multiparty systems, American political parties are",less interested in influencing the outcome of elections,less clearly identified with consistent political ideologies,less effective at raising money from political supporters,better able to reflect the goals of their entire constituencies,B,False,0.2786501,0.060262308,0.12462003,0.5329323,0.003535198
All of the following are true under the system of checks and balances EXCEPT,the president's nominees must be approved by the Senate before taking office,two-thirds of the Senate must approve presidentially negotiated treaties,the president can override a congressional veto and pass laws,Congress can override a presidential veto,C,False,0.44697195,0.03528413,0.10209802,0.41338146,0.0022644673
The Supreme Court case Regents of University of California v. Bakke concerned which of the following issues?,The rights of students to protest on a publicly funded campus,In-class prayer at a publicly funded school,The rights of students to carry concealed weapons on campus,The use of racial quotas in public university admissions,D,True,0.18988079,0.24003182,0.1574167,0.41151026,0.0011603715
Why has network news coverage become less diverse in recent years?,Decreasing liberal bias in the news media,Increasing visibility for individual candidates on TV,Increasing concentration of ownership in the news media,Decreasing cost of political ads on TV,C,False,0.098843314,0.029910913,0.17758928,0.6914898,0.0021667394
"Politicians and political reporters are natural adversaries; the adversarial nature of their relationship, however, is tempered by the fact that",younger politicians who are more comfortable with the media are gradually displacing older politicians,government regulations on interaction between the two groups are very strict,each group is dependent on the other to perform its job effectively,very few media outlets will cover a story that is embarrassing to a political leader,C,False,0.309607,0.08013729,0.27970663,0.32446536,0.00608372
Both the War Powers Act of 1974 and the Budget and Impoundment Control Act of 1974 represent efforts by Congress to limit the powers of the,Joint Chiefs of Staff,House Ways and Means Committee,Central Intelligence Agency,president,D,True,0.23659709,0.051167708,0.026338877,0.6792886,0.0066076866
"Under the Articles of Confederation, the national government had the power to",negotiate treaties,collect taxes,establish a federal judiciary,enforce its laws,A,False,0.36944786,0.029164353,0.05406217,0.5417595,0.005566114
"According to Brown v. Board of Education (1954), which of the following amendments was violated by the ""separate but equal"" doctrine that had been established in Plessy v. Ferguson (1896)?",First Amendment,Sixth Amendment,Ninth Amendment,Fourteenth Amendment,D,True,0.30643812,0.13920578,0.18298255,0.36963493,0.0017387053
The Framers of the Constitution sought to insulate the Senate from public opinion by,restricting Senate membership to those who previously served in the House of Representatives,delegating the responsibility for electing senators to the state legislatures,requiring all spending bills to originate in the House of Representatives,empowering the Senate to provide advice and consent to the executive branch,B,False,0.3910807,0.08133704,0.06957126,0.4572197,0.00079119485
All of the following statements about Congress are true EXCEPT:,Only Congress can pass laws.,A proposed amendment must be approved by two-thirds of the delegates in both houses of Congress.,Congress can override a presidential veto if two-thirds of the House and Senate agree to do so.,Congressional power over the bureaucracy is less than that of the president.,D,False,0.11761688,0.14984779,0.39479634,0.3147591,0.022979902
The majority of Supreme Court justices,are appointed by presidents of the same political party,have no prior judicial experience,switch party affiliation during their term,stay on the court for only a decade,A,True,0.5480057,0.045335855,0.0344897,0.36220965,0.009958966
Which of the following most accurately states the impact of the Civil Rights Act of 1964 on school desegregation in the South?,"Because it included no enforcement provisions, the Civil Rights Act of 1964 had no appreciable effect on school desegregation.","By overturning the ""separate but equal"" principle, the Civil Rights Act of 1964 ended segregation in public schools.",The Civil Rights Act of 1964 hastened school desegregation by cutting off federal funds to discriminatory school systems.,The Civil Rights Act of 1964 sent federal troops to every segregated public school in the South to force school desegregation.,C,True,0.08667018,0.11215955,0.56076247,0.23559397,0.004813791
A presidential plurality victory occurs when,the winning candidate receives less than 50 percent of the popular vote,candidates receive an equal number of electoral votes and the popular vote determines the winner,the Senate declares the formal winner,the winning candidate receives more than 50% of the popular vote,A,True,0.4225293,0.07755182,0.12786134,0.36709982,0.004957722
Which of the following statements best characterizes cooperative federalism?,The executive and legislative branches working on legislation together,The federal government granting power over a policy area to the states,Governments working with businesses to address an issue,State and federal governments working on the same issue,D,False,0.4542462,0.0967146,0.09014792,0.35101426,0.007877037
"In Gideon v. Wainwright, the Supreme Court ruled that criminal defendants in state cases have the right",to representation by an attorney,not to incriminate themselves,to a speedy trial,not to be punished excessively,A,False,0.27564862,0.02371249,0.14986755,0.54819274,0.0025786136
Which of the following is not a special position held by a member of Congress?,President pro tempore,Speaker of the House,Congressional Management Foundation Chair,Minority Whip,C,False,0.26187262,0.056633923,0.11620527,0.5587324,0.0065558525
All of the following statements concerning the likelihood that a person will vote are true EXCEPT:,"When there is a strong front-runner in a state, people in that state are less likely to vote.","White-collar workers are more likely to vote than are blue-collar workers, with the exception of blue-collar workers who belong to unions.",Voters who are registered as independent are less likely to vote than those who are registered Democrats or Republicans.,There is no difference in the likelihood of voting among those with undergraduate degrees and those with postgraduate degrees.,D,False,0.086727284,0.12618746,0.48751986,0.2911114,0.008454032
Which of the following statements about the House of Representatives is true?,All revenue bills must originate in the Senate before moving to the House.,"Representation in the House is allocated equally among the states, while representation in the Senate is allocated proportional to population.",The Speaker of the House wields less power than the president pro tempore of the Senate.,"The House has a Committee on Ways and Means, while the Senate does not.",D,False,0.1172888,0.10679266,0.47488692,0.294864,0.0061677047
Which of the following best describes the Supreme Court's doctrine of incorporation?,"Although the Constitution empowers the federal government to regulate international trade, states may establish boycotts of goods imported from countries that use child labor.","While the Congress creates laws, and the executive branch enacts and enforces those laws, only the Supreme Court may decide which laws and executive actions are unconstitutional.","The Fifth Amendment guarantees that an individual may not be deprived of life, liberty, or property without due process, and this protection provides a legal justification for those who do not wish to serve on a jury.","The Bill of Rights articulates certain rights in order to protect individuals from the federal government, and the Fourteenth Amendment extends most of those rights to protect individuals from the state governments as well.",D,False,0.09117312,0.16509321,0.5498443,0.18707511,0.00681421
People who join a political party other than the one to which their parents belong most often do so because of,peer pressure,economic issues,religious beliefs,pressure from their employers,B,False,0.21730052,0.028281808,0.12478519,0.6238867,0.005745798
The right of American citizens to petition the government for a redress of grievances is protected under the,First Amendment,Second Amendment,Third Amendment,Eighth Amendment,A,False,0.15141474,0.020017065,0.12552722,0.70013463,0.002906349
"In the majority of cases, federal programs are implemented by",private businesses working as subcontractors to the government,"state and local governments, by means of federal funding","Congress, through the local offices of its elected representatives","the federal courts, by means of criminal prosecutions",B,False,0.17552368,0.11511124,0.25142607,0.45527378,0.0026651863
How many votes in the Senate must a presidential nominee to the Supreme Court receive in order to be confirmed?,Forty percent,Fifty-one percent,Fifty-five percent,Sixty percent,B,False,0.18644048,0.031647988,0.06493746,0.7146994,0.0022747316
Appointments to which of the following positions must be confirmed by the Senate before taking effect? I. Director of Homeland Security II. Secretary of the Treasury III. National Security Advisor IV. U.S. Ambassador to the United Nations,II only,I and III only,II and IV only,"I, II, and IV only",D,True,0.18433467,0.09341626,0.14023441,0.5812555,0.0007592421
Which of the following best describes a block grant?,Money provided to individuals to fund research projects,Funds with few restrictions that are provided to state or local governments for general purpose use,Funds distributed among states according to a set formula,Money that can only be used for a specific purpose,B,False,0.42830822,0.08368256,0.04015133,0.44537008,0.002487817
A member of the House of Representatives wishing to influence tax policy would most likely try to serve on which of the following committees?,Commerce,Ways and Means,Education and the Workforce,Resources,B,False,0.24053687,0.031306036,0.14251338,0.57701796,0.00862572
Which of the following is an example of devolution?,Allowing states to decide how to meet federally mandated greenhouse gas emissions targets,"A ""race to the bottom"" in which states compete with one another to have the fewest environmental regulations",A state that legalizes marijuana possession in conflict with federal law,A state being prevented from implementing a fuel efficiency standard that is more stringent than that set by the federal government,A,False,0.31221825,0.20158324,0.15455924,0.32976818,0.0018710784
Which committee in the House of Representatives determines the procedure by which bills are debated and amended?,Ways and Means,Judiciary,Ethics,Rules,D,True,0.196775,0.24109377,0.16570118,0.35354066,0.04288935
The government promotes preferential treatment for members of groups that have historically suffered from discrimination by means of,the New Federalism,affirmative action programs,Social Security benefits,bills of attainder,B,False,0.3787085,0.019002669,0.0838437,0.50960803,0.008837061
The rules governing the electoral college make it especially important for presidential candidates to,"win as many states as possible, regardless of the size of the states",spend most of their time campaigning in the South,campaign most aggressively among those who will be chosen as electors,"concentrate their campaign efforts on ""battleground"" states",D,False,0.528268,0.14784525,0.13780694,0.1662269,0.019852972
Which of the following CANNOT limit the influence of the federal courts?,A constitutional amendment to the contrary of a court decision,The impeachment of a federal judge,A governor's failure to enforce a court decision,A national election recalling an unpopular judge,D,False,0.43186736,0.11178262,0.08842733,0.36652106,0.0014016496
All of the following are constitutionally mandated presidential powers EXCEPT the power to,negotiate treaties,veto legislation,grant reprieves and pardons,declare war,D,True,0.22176355,0.03648584,0.30549222,0.43419197,0.0020664467
"The Constitution, as originally ratified, addressed all of the following weaknesses of the Articles of Confederation EXCEPT the",lack of a chief executive office,national government's inability to levy taxes effectively,absence of a central authority to regulate interstate trade,omission of a universal suffrage clause,D,False,0.6389348,0.14256562,0.119118035,0.09798383,0.0013976642
Among the executive branch's checks on the legislative branch is the president's power to,call special sessions of Congress,introduce bills to the floor of Congress,address Congress during its debate on bills,vote on acts of Congress,A,False,0.35593918,0.028989898,0.05720463,0.5556132,0.0022529936
Which of the following accurately describes individual entitlements?,"Congress provides funds to the states, and the states decide how best to spend the money.",Congress is allowed to fund these programs only when the federal government has a budget surplus.,Congress must pay benefits to anyone who qualifies to receive them.,"Congress grants money to states, provided that certain criteria are met.",C,False,0.13356929,0.14669716,0.3081411,0.38649553,0.025096925
Which of the following is true of most third parties in U.S. history?,They arose and succeeded during times of prosperity.,They were created to protest wars.,At some point they won a majority of seats in Congress.,They flourished during periods of widespread dissatisfaction.,D,True,0.09853852,0.14005148,0.34934938,0.3897274,0.02233316
"The principles of freedom-""we hold these truths to be self-evident, that all men are created equal""- stated in the Declaration of Independence were influenced by the beliefs of political philosopher",Thomas Hobbes,Niccolo Macchiavelli,Jonathan Edwards,John Locke,D,True,0.22421132,0.03255404,0.16924359,0.5636672,0.010323925
Divided government frequently results in,reapportionment of voting districts,amendments to the Constitution,conflict between states and the federal government,delays in the confirmation of those nominated to be ambassadors,D,True,0.17852083,0.020665286,0.08498865,0.70606357,0.0097615905
Which of the following is true of Congress's power of oversight?,Congressional oversight activities most often take place at the committee and subcommittee levels.,State challenges to congressional oversight have severely weakened Congress's oversight powers.,Congressional oversight is primarily directed at the judicial branch.,Constituent input does not influence congressional oversight.,A,False,0.10091755,0.10170905,0.4452691,0.32832086,0.023783483
Which of the following is the most accurate statement about writs of certiorari?,Fewer than 5% of petitions for writs of certiorari are granted by the Supreme Court.,"The Supreme Court grants writs of certiorari only when there is a ""circuit split.""",The lower court's ruling is overturned if the Supreme Court denies a writ of certiorari.,Only the solicitor general may petition for a writ of certiorari.,A,False,0.10986147,0.12644978,0.4178647,0.33576372,0.0100602815
"Federal election laws require that, in","an area that has a substantial community of non-English speakers, voters be provided with ballots in their native language","an electoral district that has historically low voter turnout, polling places be open for longer than the typical work day","a state with a budget deficit, a tax be collected from each voter to pay for the cost of the election","a region with racial diversity, congressional district lines be drawn to guarantee that at least one elected congressperson be of a racial minority",A,True,0.5566168,0.18070701,0.06699979,0.18499236,0.010684051
The absence of a political party solely dedicated to labor and working class issues in the United States,proves U.S. politicians are not concerned about serving working-class constituencies,is the result of government restrictions placed on the political activities of labor unions,"reflects the difficulty of unifying a party around a single issue in a ""winner-take-all"" format","demonstrates that, in the United States, most political issues regarding workers have been decided in the workers' favor",C,False,0.22840509,0.14746943,0.30496082,0.31464133,0.0045233183
The Civil Rights Act of 1964 was passed to reinforce the,presidential veto,system of checks and balances,states' power to challenge federal regulation,Fourteenth Amendment,D,False,0.4842664,0.123402044,0.09761905,0.29143664,0.0032757323
"Which of the following is NOT part of the ""iron triangles"" that influence public policy-making?",House committees,Senate committees,The courts,Bureaucratic agencies,C,False,0.49200612,0.11777825,0.18820912,0.16224639,0.03976019
The attorney general is the head of which of the following entities?,The Senate Judiciary Committee,The Department of Justice,The Department of State,The Judge Advocate General's Corps,B,False,0.39001492,0.03151804,0.12368617,0.45242524,0.0023556342
The Supreme Court's decision in Miranda v. Arizona was based mainly on the,Constitutional prohibition of ex post facto laws,incorporation of the Fifth Amendment through the due process clause of the Fourteenth Amendment,Eighth Amendment restriction against cruel and unusual punishment,abolition of slavery by the Thirteenth Amendment,B,False,0.44435862,0.16734698,0.17675364,0.20990014,0.0016406121
